N_app,unemployment_rate,nominal_GDP,real_GDP,mean_price,mean_wage,median_real_wage,mean_real_wage,gini_coefficient,share_of_inactive,share_of_refinanced,unskilled_wage,skilled_wages,wage_ratio_s_to_u,C,DC,total_expenditure,A_ratio_FtoH,mean_m,mean_uc,mean_delta,tot_inv,unemployment_rate_sd,nominal_GDP_sd,real_GDP_sd,mean_price_sd,mean_wage_sd,median_real_wage_sd,mean_real_wage_sd,gini_coefficient_sd,share_of_inactive_sd,share_of_refinanced_sd,unskilled_wage_sd,skilled_wages_sd,wage_ratio_s_to_u_sd,C_sd,DC_sd,total_expenditure_sd,A_ratio_FtoH_sd,mean_m_sd,mean_uc_sd,mean_delta_sd,tot_inv_sd
12.0,0.07421,1604.2733162714703,1743.2396791014717,0.9216614754193754,1.4164419742042553,1.4602742768919732,1.5426668051405483,0.26338333433990657,0.00921875,0.399015625,1.3055505899876072,1.8993817746213113,1.4563385701514557,1736.2349844105247,1834.5991890018868,1429.305806677281,0.34942945948048904,0.27830829504883065,0.81102185645752,0.9932060123499629,6607.065699423219,0.05315384181787803,178.18909097605035,100.08542196442502,0.10049220277818052,0.1480448173595431,0.12664289309153617,0.1276585538020628,0.01685423647580856,0.030780456842573013,0.052553058660837,0.11223458053479961,0.15916940843665953,0.06019214747999091,204.55628863320072,236.04584293062007,119.09537552499337,0.08253146369649601,0.04923994959014378,0.052388772179207864,0.0006164886649686077,2471.524602635918
12.0,0.064485,1586.0289934721054,1769.702573198802,0.8970220247112026,1.4222303361090474,1.514314436124589,1.588762761555723,0.25406972257930166,0.006578125000000001,0.416078125,1.3405079357726064,1.9621669363305188,1.464911440077135,1755.477739449057,1845.3435358730117,1416.911737859568,0.4158539147591756,0.24455099672542738,0.8071718957060557,0.9933185716115506,11314.917471641418,0.04441925004995018,150.08317373722642,83.75434792507964,0.08279201242449848,0.13153158483256414,0.1079373730244389,0.10369840212290793,0.018397314468532853,0.02426637957616206,0.044143207889032886,0.09236017587857857,0.1299704029523653,0.052240005070983066,185.51374378752783,213.50467310854225,95.26945592892991,0.04260802220266164,0.03672626980432335,0.04326719468904358,0.000725666758973108,3490.237777180986
2.0,0.08666249999999998,2049.268575426984,1678.247037377172,1.221128834296156,0.24275273389345844,0.16771587959128034,0.19914389442682556,0.29090637093965555,0.0,0.123421875,0.16817766383333851,0.24548359787426624,1.4612477038695817,1678.6885982464105,2291.70892150398,1693.6025284553139,0.3182276314486774,9.620301536882078,0.13927880475889093,0.9986893225527781,756.8155215862379,0.016332746056618896,110.1918097787146,32.17533875995541,0.06234277218300454,0.016629830804678513,0.01314416318183435,0.014894109559726441,0.010178145725978348,0.0,0.021115145399318826,0.013328061692839581,0.01829209689265506,0.054117530106628835,59.388577111834394,182.66366409607576,42.17350933660991,0.018672199279538223,0.8458219602760594,0.00989810182448813,0.00017564053807982757,105.9145272796832
6.0,0.0625925,1537.782874491749,1750.5642360324323,0.8788393696158342,1.4320056060966941,1.549035468371155,1.6310435899038718,0.2629791526276914,0.00153125,0.41525,1.378611278589975,2.0122866398106525,1.4608257110002103,1742.3789760087539,1816.9893340833537,1378.582653223818,0.49017278899387334,0.252089434401503,0.7534302306732268,0.9938171745819504,11076.083006441244,0.028084897075652582,93.88282319511417,53.66427541014283,0.05338198321860958,0.08331739587256802,0.06794302422490427,0.06715585503368643,0.009994315520752505,0.009621701951188262,0.0383275357934736,0.06400640335439375,0.08720855717667235,0.053414317907341566,110.09278754689828,121.39338212922296,60.45611955798765,0.02042371952910551,0.02671588756578803,0.03357600750660667,0.0006201902866849954,2445.6125940621355
12.0,0.0783725,1606.3615672237588,1739.1845887671639,0.9252707192279357,1.4172670083631413,1.4489970681577227,1.5374905810591895,0.2648594782156489,0.0094375,0.398890625,1.30158668188178,1.892839292044135,1.4551137975279094,1735.3319312073997,1838.1875160186587,1435.139691365892,0.31769014427624603,0.2871328117897296,0.7999957805258446,0.9933075007753674,5123.824847926571,0.054439725786873686,189.92111566153264,108.38858144715704,0.10793018122996993,0.1601677553245188,0.12573372980503933,0.12762718397602615,0.017198352066069712,0.028346282273871475,0.05162817550387942,0.10926800446752179,0.16368617845477387,0.05864615699099606,216.18748780728643,252.095179967523,126.96470765779115,0.08377324511255839,0.05287235414998813,0.04937974478748643,0.0005164371648719194,1469.9877510978467
12.0,0.0829225,1622.5744062129522,1725.303695183238,0.9426000432703929,1.4154056521271685,1.4152239809250022,1.5097428221324287,0.2696206224438965,0.01046875,0.39534375,1.2780024231232645,1.8578630471723914,1.4545814419496597,1720.196462256263,1825.8596137414152,1443.4706121530949,0.29152309640851903,0.30362941865859794,0.8453204757011739,0.9937355081903141,4531.153369444499,0.057715998594410546,205.73219600245807,112.79891175032682,0.12017176213667616,0.16798013949966784,0.13707133293162765,0.14391717863826772,0.017612616729658716,0.03214005909200386,0.05359897933671405,0.12306996036558533,0.18469005182155893,0.06238061755709576,227.06135447994643,261.01969230001635,131.62495044274704,0.044580253104207344,0.05828105887575019,0.05307840935492954,0.00044938488147810713,1288.831554990325
2.0,0.08718249999999998,2047.3970964336538,1677.7234060657252,1.220350313635069,0.24216890777236436,0.167397143534291,0.19880197599042213,0.2895314955098242,0.0,0.12131249999999998,0.1679588054368974,0.24494654000194424,1.459652549809893,1677.8428978407717,2257.440104995263,1690.4114807076915,0.33830727300540736,9.553805023333641,0.13936680083371297,0.9987550259426214,750.0760322386087,0.01507860052358972,99.21623497070254,30.513567521299045,0.0549485112647058,0.01608811668527461,0.013030649213664496,0.015383282708542135,0.01106614669959767,0.0,0.020622064184993703,0.013591989962145007,0.019254496613411564,0.05569849741559178,50.12521263090756,160.00616604242876,37.93421257401325,0.015041313158930324,0.7685604814995866,0.011659280939111727,0.00011492765459863136,94.9404052777476
3.0,0.0778725,1542.1503202956299,1698.786993109058,0.9082946389001089,1.27460500995871,1.2631666239712507,1.4072640011791457,0.3122422611330276,0.00025,0.34390625,1.1908704376434853,1.733302163940152,1.456921019486536,1701.1637005295747,1792.1681317608493,1376.593110706973,0.5078816989928097,0.48938667437312566,0.6848623690891131,0.9975325515995153,1763.720243443678,0.03389618332128264,149.7560226264131,63.72269819451133,0.086639016812802,0.1037306372877966,0.07572223556761132,0.08203008049775824,0.010873375296883883,0.0036088000083130136,0.04942022256564108,0.07532399969153758,0.10152553987618433,0.0544168842575405,140.64716907158757,160.29972156211494,85.05463696092697,0.018066258754411008,0.0786953075921706,0.038630489196112304,0.00016722592927044286,646.3944058228225
2.0,0.08937499999999997,2054.3706153023422,1668.3218560693565,1.2314341271345919,0.22285596807411148,0.15184667682226136,0.1813494300134561,0.2855501491030898,0.0,0.11829687499999998,0.15255085112807,0.2243471779555477,1.4718380898706493,1667.7635830475515,2371.7004764525614,1692.6229026549065,0.31047221363967337,10.390351513646255,0.13962090200123728,0.9980467835524363,740.6833308775225,0.017056358784922416,116.55236819745458,33.864807246365096,0.06597977845182466,0.014185015332952107,0.01147085866982277,0.013280845099749307,0.01091089029890779,0.0,0.022169661623136584,0.011630084861025335,0.01689902789431344,0.05581482696042011,61.16086915324623,196.30785633654205,40.40264862560816,0.0170943778425649,0.794092926321052,0.008290347035357743,0.00015759417345661785,106.54334013779786
6.0,0.0645025,1513.8775029015856,1749.2814696083096,0.865978178291034,1.4062479379953996,1.543012492411223,1.6255203843245318,0.263214884938233,0.001078125,0.41982812499999994,1.369081965402209,2.011843235276456,1.470680901892173,1748.6417594362076,1820.0114998985332,1377.546037208157,0.4318814255946344,0.25690853613471565,0.7410115002333251,0.9936366161746002,6348.609544991254,0.032573301855200354,98.29212781137996,62.160205526415865,0.05618748194761388,0.09128824801318625,0.07236094080244963,0.07341896934306051,0.011924903682388402,0.0069814031708801206,0.03954217672605259,0.06783563480912913,0.09900941396242204,0.05862425344656406,117.46153390609929,129.87858664790994,68.15508707061306,0.044134370340943176,0.030471265537408226,0.031068435163339892,0.0005949944183768351,1403.5426221308712
12.0,0.07598250000000001,1609.534970794161,1745.3737222843583,0.9235849308699244,1.4173492222304669,1.4579918884316183,1.5403447383310753,0.2631000279339085,0.009203125,0.39935937499999996,1.3038186255934021,1.89582971746153,1.4542756094656601,1738.9690482115166,1838.2545047906244,1439.682218997128,0.31678297037074443,0.2805348244126661,0.8072335587428234,0.9935399259570432,5731.739289503337,0.05185530053668573,180.9089186506088,99.54906585646198,0.10263686744868997,0.14844325698543515,0.11685462679974705,0.12246480306882548,0.014804127555817694,0.02812100232005209,0.05026181210282191,0.10107807164517804,0.1636920762244945,0.059970527105612494,202.9192088214732,236.41248902104232,124.77523423247209,0.05263429909799791,0.04939772336691245,0.04825738142270759,0.000638387935890946,1300.195804776824
12.0,0.08066749999999999,1620.2541988288583,1733.7354839120142,0.936661864349743,1.4114738625524732,1.4305321762994323,1.5149431714072152,0.2663291449932597,0.00971875,0.394921875,1.281968876706144,1.8654786232321563,1.4558379327587812,1722.7582797863863,1824.1089865093425,1440.7584005844421,0.2847984447247937,0.3041091887466702,0.8118646174703484,0.9933382129012526,5053.933821135743,0.05755824826860178,203.63446671902764,110.99209337684736,0.11907248818667768,0.1632453811107518,0.13860429603796448,0.13758793482511233,0.018133266140868274,0.031952708585306196,0.053320355425806897,0.11650719616276886,0.17691399926928328,0.06047720649617566,218.0074541141314,251.0323986517833,135.2261713898365,0.08507184508545057,0.06472622289220442,0.05205327374406681,0.0006166779073682705,1425.4212819136155
12.0,0.08039500000000001,1601.1152990757787,1729.0945680728742,0.9278168843790927,1.4000303434737282,1.4279726200323166,1.5165630978256381,0.26779496828396765,0.009859375,0.39799999999999996,1.2796840727925234,1.8730125917978642,1.464603255684358,1729.510367728767,1833.326754368237,1431.1737199243132,0.3240520367752714,0.300019276756916,0.8456041636828994,0.9934011250979605,4694.154508773104,0.05814059661716587,201.4101488836195,110.56994793211393,0.11535834973240963,0.16501323529790693,0.13745956639342982,0.14229232769594072,0.01762853260016766,0.032397068823573766,0.05291598588800931,0.12210042121147004,0.1799361555200641,0.056592427262649,221.07493004283984,255.81064285177882,129.76720135766814,0.08261943013573572,0.06169514468485633,0.05712175528044094,0.0006479177764265813,1178.2448653980546
12.0,0.08665500000000001,1616.1492168545362,1719.6883804361032,0.941903997944115,1.3881476621660227,1.39273494986604,1.482110847075171,0.27125488279642496,0.012312500000000002,0.389796875,1.2579934678241929,1.8198216340983988,1.4477464595852247,1723.9601938895748,1831.3437540869916,1440.6269061064884,0.24745223072741512,0.3336898350801367,0.8125490010937076,0.9938070562450463,3863.9463591568497,0.060832482893598876,213.9058753065838,115.22388491883757,0.12413403163874806,0.17172490643415833,0.13868722596681266,0.14495866658368253,0.017358310754345626,0.03870415634980305,0.05791711607102321,0.12538870541045008,0.18209835568354926,0.060244483122103315,233.711826109217,272.77440538818445,146.47167087877023,0.06855730170927152,0.06397898456158065,0.052692557700138865,0.0006535959135337179,1178.870573936682
2.0,0.08631999999999998,2059.618423264756,1677.6051316275668,1.2277367724378003,0.24651862659911025,0.16877850290071428,0.20111652763393784,0.293238682622292,0.0,0.12657812499999999,0.17044352502180016,0.2470515763368202,1.4508825088332207,1676.9251085403469,2307.0228748482796,1694.691933581171,0.3045474004548712,9.525484376208816,0.14044104994262122,0.9986459140491939,750.3867443556469,0.015403168505213468,110.34977472634841,31.770150546944752,0.06183856834867215,0.018810061209381362,0.013873584792834168,0.016294971422957237,0.012437345818509688,0.0,0.021395406697101486,0.01449541481686862,0.02010029254418875,0.05235347267797365,57.34188051994928,182.30555621078759,41.993289919579375,0.019220806087224707,0.8067431413467877,0.011064103213113304,0.00012746566285034582,101.12599381897873
3.0,0.07804,1552.1827745381836,1694.3287851575124,0.9165795318303133,1.2997991547853007,1.2724760768049783,1.4207673794738533,0.31378033183940085,0.00042187500000000005,0.350765625,1.2021997168806022,1.7511620181328382,1.4581874945831332,1695.707196409579,1787.4260309165577,1387.7677563543425,0.49416146896366725,0.46355189838018646,0.7096065656004663,0.9975311645010475,1866.3145952931047,0.03406263935751308,141.03547481702418,63.471162439131184,0.0811356394644344,0.10296208336450491,0.061241064329979035,0.06791979761905004,0.01175733054224627,0.004541233613719404,0.047183358158458526,0.06497358493849613,0.08410038298823463,0.05684095929846802,130.31799346773406,148.96923965082559,83.58255204157989,0.03792357919160469,0.06077201277237174,0.04271967360742585,0.00013334986759880037,400.55477430919456
2.0,0.08714499999999997,2054.033812889688,1677.0615345916726,1.2247213821818255,0.22914622185610375,0.15842767514044243,0.1874971877577693,0.2831641673504728,0.0,0.11857812499999999,0.1578384620618096,0.2319089539230928,1.470433725090204,1677.0604811356243,2314.8557311188742,1693.1066589022655,0.3225959130669622,10.07400147835859,0.1355696500333502,0.9983239806997354,754.3833982250151,0.01580882585772897,122.37804384952936,31.070356865109524,0.06825273597604847,0.013591678823904229,0.01128424647100713,0.012839771998470391,0.010481549736552161,0.0,0.02142095184006479,0.011316200491243862,0.016354149360684595,0.05486604555729697,62.26193537800124,195.8754110527949,40.22765563224935,0.01681887780458311,0.7664009074331798,0.007853522278609618,4.392290711783449e-05,113.33467711311458
2.0,0.08805499999999998,2048.7248155265943,1672.481868917874,1.224966436362431,0.22241905530362074,0.15242500818960583,0.18183001766498727,0.28352717863620297,0.0,0.119859375,0.15332390420075892,0.22449390061180385,1.4659780013284525,1672.7022526517799,2351.4559849956386,1691.9369515411845,0.3262843158980443,10.394466991364425,0.13466360346084985,0.998388596858869,738.4635107800551,0.013985598843095713,92.74543827853851,27.8969690267976,0.051643942257655985,0.017189136471564087,0.01288286567179964,0.015243876103896775,0.012791999547812204,0.0,0.02086601018065924,0.013683758316641441,0.01846327099641303,0.05184736145608371,46.223334971414694,174.74654577209154,34.78738811190735,0.014868055574688472,0.8917340819564742,0.009668100157483416,0.00011179953056044256,88.73207369141815
12.0,0.0775875,1619.3059676245582,1740.4665153869255,0.9320637074665208,1.4201284104846397,1.4448841411082123,1.5292411147755955,0.26499716797932016,0.011015625,0.3973281249999999,1.2953900755226662,1.8815281161863118,1.4531997674764243,1736.4188963089637,1838.1280032983877,1440.9867411877924,0.29109167037972605,0.29272231960701345,0.8122471866539445,0.9938579526347934,5295.199129653116,0.05378305814798931,181.34632480720057,102.12643758290963,0.10430596989985028,0.1533947448200332,0.12149301488542191,0.12531826527071013,0.016190028365583902,0.03384886777440828,0.05161824401540965,0.10650700778369981,0.16205595291507452,0.05871506365364557,212.01428287681867,242.78962097751085,121.12895377206851,0.07532656128299034,0.045131313045347905,0.0506646414441888,0.0005453347624778511,1418.2753297888037
3.0,0.07758,1576.9241261273978,1696.1372135773167,0.9302420209820869,1.2831564250086438,1.235679064923099,1.3831280773051537,0.3155093688553032,0.00020312500000000004,0.35221874999999997,1.1717385959349818,1.7012884258868137,1.4535390051387032,1696.3502730531234,1788.4882011817397,1401.9088690208923,0.4283003749861683,0.509830575176697,0.6981203598111404,0.9977038393022795,1851.5678749677072,0.03341621761959302,150.35994644479962,62.47677934387951,0.08771073341589154,0.10251571388266122,0.06993489698611852,0.07791691490667634,0.012680697536717182,0.0021780487791541775,0.0493330419033481,0.072013222731941,0.10116484070526466,0.06405197403374724,139.5488426876772,159.89217346609675,86.92688546528983,0.02181842463252581,0.07807181411791349,0.042696192214840695,0.00016136858349059154,520.1871833426991
12.0,0.081555,1616.3645271489338,1727.4883031153656,0.9377035029778097,1.412947743006555,1.4307968575894239,1.5149055414227948,0.268320679005098,0.010046875,0.396203125,1.2827052954242748,1.864024072202611,1.4547148661347031,1724.5673882344431,1828.5195398853557,1438.651947121121,0.291920358505101,0.3047389491707845,0.8189877683746167,0.9936025634239138,4489.59986614789,0.05900501652402107,202.54709502179327,112.35020802947321,0.11722976964932057,0.16208843939583722,0.13837285193210652,0.13994094502502918,0.01538524111369034,0.031965828770491395,0.05231867636403252,0.12226395794851665,0.1765552588620997,0.06633999185349203,218.48311339919488,251.76186275461902,130.70075084516267,0.08443332545484031,0.0577648175725855,0.056537711581041886,0.0005304972340518611,1004.026795241124
12.0,0.07554250000000001,1615.8600368795562,1744.309885281715,0.9278702260586811,1.4091225122689104,1.4397770466368014,1.5245765513552305,0.26463726685882566,0.0091875,0.401703125,1.2877963104013146,1.880507830862676,1.460965538106595,1750.9379554859631,1854.7613582889524,1451.4766722574059,0.24555836638865391,0.29899096188304364,0.8125883030156339,0.9940972960494985,6201.667896689803,0.05676022545541904,191.88108052719582,104.95275076158744,0.10857699304656841,0.1615567585692658,0.13654151957382102,0.1313275722689207,0.018797391208969217,0.03293228137026039,0.05549255431122607,0.1112184920208959,0.17007752430568931,0.06000445084088055,221.997180613264,259.6256143274984,127.08184899303366,0.0464314174242169,0.059866206083628165,0.06272264581036423,0.0006584966485415315,2317.294075951755
6.0,0.0704275,1514.6946596518164,1740.3430040890653,0.8713101300363907,1.3931802336528853,1.517344553121714,1.6026541270277914,0.26736994937336805,0.0031250000000000006,0.40121875,1.3485574026454135,1.986424808554558,1.4741980332617926,1739.1591574311515,1815.1091352891228,1375.9967863215081,0.44085916142846593,0.2734134816090864,0.7405942749003241,0.9938108912236635,5789.316206238265,0.04088929864585598,126.33091230179922,76.99453556219359,0.07418789586811281,0.10951844487742939,0.0998401299134861,0.09712373097219724,0.01286361606353588,0.01692700320493855,0.04387347531182708,0.0872597991485713,0.12261348018729211,0.05280566781110993,141.59048292825014,159.62807645702117,87.27842473982088,0.06236937393216507,0.0449329083649137,0.03633805242591413,0.0008129819177897139,956.420395167004
6.0,0.06677749999999999,1525.9480655064847,1744.6095855444912,0.875326123750825,1.425798099305389,1.5439392676554435,1.6306896088599465,0.266289255745929,0.0021562499999999997,0.41275000000000006,1.3759622421979218,2.0143739921444683,1.4662015013403689,1739.4744760669519,1816.047895524553,1375.3063816090312,0.4853021508319609,0.25026767025028,0.7555750080486618,0.9932845273544569,8445.606027483867,0.03623545216704214,110.66222314579865,69.33096570188947,0.06294827755340351,0.10481565538832525,0.08610052793917487,0.08179874723419357,0.01037602771745196,0.010497348995698867,0.043735890581992266,0.08280786403277036,0.09541033151693515,0.060597765653839654,136.95841618552424,152.30389439240415,78.8105742547792,0.02410433025527029,0.02884928061792257,0.03792514749946464,0.0006602312231854974,1544.6935869143103
3.0,0.0766925,1546.8011470391816,1696.6079592670028,0.9118604146701764,1.288891129990126,1.2660632506753444,1.415390151705067,0.3146546280751085,1.5625e-05,0.3501875,1.1984459191730445,1.742041900281656,1.4551222083896898,1696.1289363088113,1782.717262096639,1378.9827469537504,0.5028460857397855,0.4765715044958864,0.6904884971788099,0.9975928312782051,1862.5994313261,0.026326848344418275,110.35230784041283,49.209138254496594,0.061774699230098894,0.07970338462813317,0.0566583934584523,0.06252145760129132,0.010851461837723769,0.00031210913055372156,0.041893232970851034,0.061443917015076906,0.07721607423332044,0.05572875520456572,101.1817098299971,115.68222171164085,68.12025998480536,0.012525812619521615,0.06347646402684896,0.03331439695253152,0.00012608963170008874,368.61320890448195
3.0,0.0781375,1554.3051102453528,1689.4399630483836,0.9204353799753647,1.2976678590650506,1.2588969932031921,1.4123637549392196,0.3156689114292893,0.000125,0.34971874999999997,1.1922304036660936,1.7441894512770006,1.464454217311727,1688.1936969570647,1777.893863380653,1380.7862848092104,0.5295084949703647,0.46927021308654576,0.7378819372396088,0.9979059770926264,1862.3435307098591,0.030167591779092992,130.5846026877329,55.9413193490627,0.07642216384501353,0.09741200157735513,0.06752418801330337,0.0700263108967204,0.011504787106281328,0.0024968730444297725,0.04458268958842097,0.06570133995641829,0.08988254518843691,0.05983921967879578,121.39686475842421,138.45815635012104,77.06488515222318,0.014454212446848764,0.06493765466774427,0.03956293579996821,0.00020237234677308288,615.7523423402923
2.0,0.08549749999999996,2037.8684783147137,1682.12531206646,1.2113666870190851,0.2782037259376317,0.1943574830676236,0.23014174600419376,0.29932249068141437,0.0,0.12890625,0.19494513843781328,0.2829444460148865,1.4527017520651497,1682.0388106737496,2236.6348185290685,1684.9743006539438,0.33336110262435353,8.266939475760774,0.1531152388712891,0.9988123505717708,755.3962189102992,0.01724963749619104,119.68296089643427,34.03747370248711,0.06467466152091168,0.021135354616755742,0.016751268206989293,0.01935727305898243,0.008944635982195984,0.0,0.023242417278275942,0.017098347453709556,0.024021117725795668,0.05482759174647049,59.04246803286139,144.52841419565362,41.04358438287951,0.017474607168177596,0.7867965573808502,0.011685611363320563,3.771232978508919e-05,109.80683017812831
2.0,0.08689249999999998,2046.4622219819826,1679.7775882166006,1.218333703035096,0.24269556046875493,0.16872640925478297,0.19956744149752384,0.28691954681037446,0.0,0.122171875,0.16890124948146665,0.245450534213022,1.4547730754924486,1679.25379055296,2286.825125648962,1689.878599188906,0.34192088151046135,9.584874333312454,0.13905962210989986,0.9986423755017299,761.2177322910886,0.017003409768337644,109.17147038300598,32.756426866321256,0.06136933009221612,0.02477901436390047,0.01799613271605859,0.021416402375223992,0.013711606671807484,0.0,0.02258036321086034,0.01873478682348248,0.026112024073432535,0.05109346811545829,58.05433333397048,191.2968380977447,38.0519090650866,0.01794383380924872,1.051277038195165,0.013698571600578729,0.00015398443114666443,108.60759003716316
2.0,0.08647499999999997,2043.8874653645512,1676.2567572899234,1.219360737545682,0.23452211569406017,0.16171359673479796,0.19271876599426072,0.2881430437862362,0.0,0.11857812500000002,0.16267161047812828,0.23771975037962803,1.462139500158206,1676.0040432362136,2306.5051227952567,1691.104900966266,0.3388224102481612,9.871683944933594,0.14066927461615683,0.998521983723229,742.2027946321418,0.017009537765618442,113.09787136098485,34.24402643036987,0.06353560159202216,0.014613010041867469,0.011494882720514485,0.013845772553753325,0.010801200919217692,0.0,0.022226412840005805,0.011906846275588393,0.017793465890299655,0.053626353728563905,57.61714876749523,201.5540019895783,42.361341142285454,0.014257090336651419,0.7171146801491489,0.009148040727411638,0.00011627688359521213,103.14309152923383
3.0,0.0797525,1543.3713455578657,1691.9796715191749,0.9127948114316766,1.2779800795972929,1.259328541289684,1.4043048044248974,0.3124525669739324,9.375e-05,0.3450625,1.1905292174175204,1.726611041732703,1.4516366601282384,1695.6306312577,1788.6693618017714,1381.6249130366618,0.493303899300807,0.4848870079667404,0.6910835155298116,0.9977027426104195,1684.7306588887395,0.03878835190814375,160.77940324077827,72.10972220507988,0.09289892731231918,0.11366012916072488,0.07867438768620696,0.0878808652240212,0.011822838759269434,0.0015906833240780516,0.05225422381253022,0.07910380589526919,0.1115277785525189,0.05959620360646633,153.13308080154877,176.4942269064556,94.90447938026985,0.015088294748227721,0.08641109165269405,0.037576623536308,9.042287294281025e-05,417.83518380305424
6.0,0.0670125,1491.2742143764613,1745.081688707359,0.8552117103125008,1.390434029028594,1.5452031293647304,1.6280661880237528,0.26564584578613476,0.002515625,0.40806250000000005,1.3706929509146846,2.015993185351008,1.4721966808660154,1763.1455460921363,1838.6437960083044,1361.5789553510951,0.5174380933959066,0.24933095329329766,0.7562606517355183,0.9935084433791684,7683.223098779493,0.036266338990171024,112.01588614042278,67.56906295192188,0.06418427197687579,0.10542666710136155,0.08830400095488289,0.08723932995714517,0.012755053518297328,0.013332428965097655,0.04130956873110636,0.08024670961750334,0.11422914305597921,0.061172083798879937,148.49050654812578,166.8060027944518,79.09522219602138,0.029074815775145632,0.03302282692970426,0.04092380644184261,0.0005966234047968376,1750.9371303505864
3.0,0.077565,1551.7257572483106,1696.5778045357397,0.9149650681596367,1.2826909014031782,1.260034973146206,1.4047680447544928,0.3124795606635989,0.00025,0.350203125,1.1909327521462736,1.7269637017291857,1.4518200056927992,1696.8321222147556,1785.5570503845574,1389.342458592109,0.4698277764984665,0.4819549635785594,0.6921298052629985,0.9976768060572724,1617.1246548044664,0.031754854353311074,132.94938029939402,58.72523024358925,0.07586497400483423,0.09080618237286375,0.0603924454571767,0.06770238715264007,0.01151307347425611,0.003019468082295291,0.04596042954525528,0.06583431771624647,0.08593388253246956,0.06154777288053689,124.60812918621608,143.30448482781765,78.93201854851691,0.019436395957378397,0.06485462834185035,0.033769918065199564,0.0001820177213750803,340.415280593524
12.0,0.0745975,1603.7397801846992,1746.606956066721,0.9195862603264245,1.4234580457980146,1.4715629523877305,1.553446527514385,0.26210866386531945,0.0098125,0.403140625,1.3134122370563965,1.9151463747205224,1.4593112321984696,1745.1908672633022,1842.4213982382996,1431.477792480659,0.3315656316041287,0.27254607145628257,0.8067358673358064,0.9935713662218804,6308.55254624943,0.050273109051957386,173.07365496968666,98.21846393995081,0.09821739741796016,0.14661439789616965,0.12023009311054432,0.12488434867415595,0.015472942239169889,0.028600221262255997,0.04905752114466624,0.10818205886020009,0.15941456994284112,0.05919820470396696,202.82674145092116,231.79792921275748,115.48050608511201,0.05114878750171966,0.0398163780938789,0.04757734650295289,0.0006504331350049219,953.3390906141236
2.0,0.08644999999999996,2047.519109260345,1677.9268146391353,1.2202180509764131,0.26809423725614745,0.1850120539469453,0.22018266977983955,0.2982784670610312,0.0,0.12775,0.18607961607403944,0.2714038467956081,1.4598678209403233,1678.5849104503127,2245.7009568909793,1694.2787135229823,0.3105681552137663,8.601817719682668,0.15475577388339595,0.9984040196104346,745.8264013443649,0.016889419765048177,122.81870567109756,33.13303373943289,0.06823378193209416,0.026286655785592656,0.01987474687886304,0.022875332434261285,0.010616370186695711,0.0,0.025342497657097653,0.019825676358124246,0.02829709149527942,0.054504016359992837,64.87150177156482,182.43656593960395,41.8995801770021,0.02876198246978905,0.9848402188569503,0.01509123244242283,0.00012699188816385056,116.10283176891777
3.0,0.07737,1535.9334765265457,1700.3387470084372,0.9036505936707728,1.3017759184684126,1.2932676953005042,1.443284978967186,0.3113042650879427,6.25e-05,0.34887500000000005,1.2260673505754,1.7705087805593493,1.4453134482575538,1697.9381488014956,1784.292682379369,1370.9254706972972,0.5368850513389708,0.45535233938415304,0.6798616433928987,0.9976392114549237,2218.554894241885,0.029461468055750364,128.26844091249558,54.30008280939955,0.0739271816209202,0.09075895254640501,0.05563809510124674,0.06443518468052578,0.011266217650738009,0.0012484365222148863,0.04156724596963335,0.061545193126863205,0.08235090295080237,0.05404590295886678,123.81454768307582,138.75555670440502,73.06101275730315,0.020008888776255035,0.05603286885088506,0.03605244919825923,0.00019310650019393346,717.8721243471324
6.0,0.06413500000000001,1514.3486067818358,1750.2855487092884,0.8656177727279438,1.4067440224738221,1.5436682153388674,1.6267755909726838,0.2636794756616958,0.0016875000000000002,0.41278125000000004,1.3720409469250143,2.0100778861774184,1.466470510206651,1749.658973101691,1825.943845925302,1374.1168401567725,0.4881499698529851,0.2519916232886368,0.750975945039166,0.9934483291953904,7735.557653298403,0.03106439722576311,96.32236117757225,57.291632255710084,0.05421351031155948,0.08714580764111313,0.07141216713872557,0.07203850546113086,0.010517812729737995,0.010545844857098932,0.03975165827908944,0.06976324154204737,0.09351874684714201,0.05774891001298548,121.1480366326528,136.52514085603306,67.60890428348245,0.028934263113952884,0.028801848966871775,0.032088008637693705,0.0006531901097791892,1469.5282651520106
6.0,0.06262250000000001,1511.1032265597307,1753.8375924565814,0.8620454152999909,1.3993584995004806,1.5405965484401838,1.6249180377439005,0.2639338164696064,0.0012812500000000003,0.4137656250000001,1.3659006603399235,2.015853890881037,1.4765774373281857,1752.5733065987959,1824.1010690846833,1375.8953534761165,0.45643789140971763,0.2567937420526033,0.7334219521160867,0.9931218727083037,6918.881852287827,0.03144590583446435,91.82687813192193,58.659211212446,0.05165077360073211,0.08381074644108859,0.0661691494414362,0.07245221440966707,0.010195208657828003,0.008286790599351475,0.0394970794756951,0.06389165072075786,0.099843317543745,0.0523706916648485,117.41209487385285,131.4382265132556,67.69274723576797,0.029423518381054836,0.027504401494152526,0.027527075835605,0.0006293607550968428,1546.737002230696
3.0,0.075565,1554.554555054034,1698.2743927637266,0.9156318211252094,1.2855123881650439,1.2606640617567608,1.4056330712673786,0.31195294362611836,0.0,0.350421875,1.1961892365061937,1.720962118373809,1.4396646753084081,1696.5121242743344,1783.2952770702116,1386.0677001402469,0.48917724498425746,0.48566367834060287,0.6924764589723487,0.9977495234109004,2209.719735157662,0.02341657052174804,102.9430239554893,44.78938440539541,0.05962142455710986,0.07751150057327909,0.057617788669968306,0.05914788295552433,0.011342903440176405,0.0,0.039788475752840474,0.053838979767429414,0.08268830772605824,0.05765995424466705,102.13087759276549,117.52166010774056,62.34222956507903,0.01644213104506303,0.057062042013609586,0.041715044723253665,0.00016508656680828626,630.7757973564707
2.0,0.08574499999999997,2042.2224457422133,1682.83233537849,1.213506821652226,0.2511840466724392,0.17499286000569833,0.20732330921016037,0.2916524276584317,0.0,0.12453125,0.17550071353379415,0.25497587496806645,1.453698277138239,1682.3277858087542,2317.390353574418,1685.792443109296,0.33400791083177106,9.245894363200225,0.13978295124758436,0.9987891890781109,749.4568396969058,0.015749761109299404,104.85923046929275,30.758014625952065,0.05708754075941084,0.022520507679068456,0.016756374305006063,0.019770642699977,0.01341051306262297,0.0,0.022219936677171245,0.0170730615304903,0.024694611811244774,0.04926992528965076,50.577775689884156,172.980972375902,39.360977038035124,0.017770953758592136,0.9080153870263836,0.011715447213418509,7.355307396624881e-05,97.20900903579437
12.0,0.070065,1611.16833571278,1755.4634811902856,0.9189040279706981,1.42907917442032,1.4746482973191042,1.5597898441358478,0.2601758230124207,0.0083125,0.40751562500000005,1.3204499289959042,1.9196602990217133,1.4549790403538998,1752.5765510044043,1849.117911718535,1436.528442101393,0.3677981046352222,0.2648972062613522,0.8148339896671851,0.9935296961605167,10801.73949893225,0.04806777272768106,157.32467869137741,92.06688412119176,0.08808846893664554,0.13175076150066947,0.11829088265789445,0.11411477183982992,0.018896443701767397,0.026594539500619296,0.04822695926148957,0.10035264890810854,0.14422173934038968,0.05628348355663899,185.49330826626425,214.5100176607833,103.66149251938364,0.050080526876082596,0.044091206413871924,0.041644278291687674,0.000506894526988469,1520.2160865394644
6.0,0.0688,1539.563814716374,1740.4702444846143,0.8854562304134299,1.4126843499470587,1.5159644998043427,1.5981212869610584,0.2677912785361545,0.003140625,0.404640625,1.3507602036631334,1.9716224445617012,1.4608991366941226,1738.0201462330494,1817.1101890361397,1390.9142913189103,0.4251994609530567,0.2710974379185382,0.7574849945784787,0.9934201581308407,6318.814179984433,0.03812328684675547,117.26786013071634,71.92207483878558,0.06909345442975327,0.10931326092312284,0.09107376692171816,0.0921109790837819,0.01148467251898377,0.013309702977879522,0.042722850365575736,0.0837121559219367,0.11739513479842903,0.05581410925618132,141.3162933526501,158.5947053997058,82.65259283755154,0.034928229521448716,0.036978698317801234,0.033597496795615994,0.0007695411921703717,986.7400909040183
6.0,0.06729000000000002,1513.4276746744058,1742.8762695244905,0.8689264827722414,1.4090429422303765,1.5366336937909384,1.6231650830501458,0.2667728924112353,0.0023593750000000004,0.409890625,1.3676056318645902,2.0090179513504127,1.4702487865490417,1744.39197786345,1819.2850641754903,1373.3153356365644,0.4674838386848037,0.2567064355600385,0.7483769912189606,0.9934125286532931,6677.369804967772,0.03672146375078204,105.88535538676997,70.41116917071092,0.059166886968346113,0.10065883527886747,0.08128841053697994,0.0808781054971415,0.012629143983760012,0.013650197099652995,0.040349156662306776,0.07446681760809239,0.10331661525475966,0.05512534369599366,131.06047093768385,147.95253380634364,79.37423106035136,0.02929788842721983,0.029588051927385457,0.03594187278777923,0.0006312166955463706,1348.8084964027114
6.0,0.06535500000000001,1533.2379438902653,1745.34968766505,0.8789667004246937,1.4323417776246874,1.5470518357401926,1.6312000759081853,0.2637207105845143,0.00203125,0.41434375,1.3771718331796785,2.0145847373480263,1.464234948771011,1732.0434366541251,1805.628382660108,1377.3319020323352,0.4870165483239549,0.24444553577652656,0.7644084433428898,0.9939567679266474,7833.686143008547,0.03233456316389629,102.18519623234197,60.83581036265829,0.058071306388199094,0.09533004394138114,0.0704385618135376,0.07509221187394247,0.009780551006313969,0.010240038986131841,0.04039984481328487,0.07037977395913927,0.0993893460593818,0.06080965103086623,126.5145226754641,139.9050586482624,69.85498336586019,0.028595030249332732,0.02545690439200962,0.034724758357990174,0.0006972925826775299,2105.0819221237184
2.0,0.08498249999999999,2046.225829885152,1681.008900323167,1.217186351461537,0.266992575882445,0.185019181392475,0.21968149050732122,0.2980266187239793,0.0,0.1284375,0.18619807745834704,0.269769083120342,1.4494297833378482,1680.4710538655977,2237.420391511746,1687.293680022162,0.3360811309768485,8.640919589680177,0.15108811556950766,0.9988721715158521,764.7300610164096,0.014078252510521326,104.42423422012386,28.876646220925988,0.0568757743521469,0.017749476425367654,0.013409158206908469,0.015837968636205686,0.010147876768865235,0.0,0.021859369415653324,0.013566220336719241,0.02041312686903153,0.05051012303659776,50.892880506298575,137.62908127576765,39.08892406520687,0.019066845591527423,0.7070936719070824,0.010114350927923652,6.207966835371178e-05,95.68095807856658
3.0,0.07615,1530.1511914396767,1699.0145033304732,0.9008978719075507,1.3048037651880253,1.3023768417705996,1.4497237436194184,0.30997004619221136,1.5625e-05,0.35046875,1.2312901510326544,1.7786500059743604,1.4457583387134167,1699.234095479765,1784.3984281756443,1372.5011638599494,0.5434517908922747,0.43621269134534474,0.7039185292507623,0.9975846879168168,1829.856917020076,0.024932859843989,101.61139149851937,47.5288038664356,0.05883945013851004,0.08179038683210525,0.05606170521842895,0.05813678386902796,0.011214454876855613,0.00031210913055372156,0.04242842088079051,0.055626684110046815,0.07813703304808017,0.057290674970445016,101.20930099247452,115.85299657703058,63.41145604355265,0.015806141445755036,0.04897846545827442,0.041519448965547164,0.00013167137366746997,385.255354909482
2.0,0.08834499999999997,2034.0248839014891,1669.3322167012745,1.2185094233107883,0.23450672641923492,0.1621200634895442,0.19276587998645617,0.28771627907478775,0.0,0.11509374999999998,0.16294841299783724,0.23733786570474938,1.4590177587273347,1669.4549424339657,2352.1779138652496,1684.6732940765887,0.3455375997078046,9.894224054096744,0.1410891684880421,0.9982814107687378,730.6669657830238,0.014871818147086121,93.15526565635203,29.964046838071056,0.05234494796208523,0.02415166258994551,0.017942804833121564,0.021086900001225064,0.014269554523758037,0.0,0.02037516775237691,0.018868588898753817,0.025057379808689165,0.05341166257158807,49.64988948971194,165.44642114171126,36.39052728782977,0.013556878469173477,1.0531130447115598,0.012218783629681746,0.00012371894396724165,88.25283679693118
12.0,0.08193999999999999,1604.0452096339818,1732.4126441639528,0.9278897390626473,1.3995364784169644,1.4294473759120365,1.5154414335442334,0.2657483057353744,0.01065625,0.393296875,1.283037079738396,1.8644040379391993,1.4538849281168529,1742.7442009742515,1845.4258670552774,1446.4082304271265,0.28351258208723346,0.2974897467751578,0.8247444984837018,0.9933548712772133,5920.98373859744,0.0580772881598306,195.45597869095602,111.66448870894244,0.11314947918257143,0.1646481584155521,0.14045511398049298,0.1416793975332612,0.018275085932459585,0.034399408947502284,0.05188713854592846,0.12150379836960883,0.17893333866240743,0.05295800342365629,223.6148664335143,258.82636524936896,134.51393425639102,0.07055793629596314,0.058956997951241055,0.05381167066613929,0.0006335780779128121,1631.0412476799759
2.0,0.08854249999999997,2045.2853436974995,1674.1638524109815,1.2217234541704998,0.22429418023960163,0.15512583240748334,0.18395824194747043,0.2807497169701747,0.0,0.11681249999999999,0.15541962940050516,0.22663673450692592,1.4584698202315176,1674.346318785939,2381.7217073439674,1695.3420019322355,0.30228161896802597,10.33264446268614,0.1325897410291586,0.9984695995060381,729.3037130002532,0.016371566624791903,105.45779354510451,32.28380249400161,0.05932044848427724,0.015998932590473032,0.012911693436422487,0.015145200069344581,0.01144439049543652,0.0,0.02030903816654053,0.012645740659389731,0.019717003923158512,0.0504996579157062,53.432567097823835,202.92729521185157,39.49389474910394,0.02579453462086648,0.8229733668627693,0.010969267116889107,0.000215995180334412,97.00389254840728
6.0,0.06475750000000001,1519.9829650448228,1745.6776690509419,0.8712833577464346,1.4165072120238185,1.5458249378666629,1.627582227324727,0.26420619047661026,0.00159375,0.41087499999999993,1.3739741751265984,2.0113769502254106,1.4647286909025583,1750.4651128007274,1825.6847503991053,1374.8225265255082,0.4862644877009468,0.2517238884994973,0.7470708580240845,0.9930788785543154,10433.387428774384,0.03302209402430438,100.68445061120559,62.68005779838182,0.05764742634435797,0.09485701345549341,0.0764962562295484,0.07966259695012501,0.011233285645965835,0.008871863442225653,0.04281701618515704,0.06944147173572514,0.11075037505265092,0.05778539597595072,125.40746228220985,138.82060225131724,71.25763468372662,0.025006648639823787,0.032719345803447965,0.032094281724627506,0.0007348906349587948,1321.1757790786326
3.0,0.0774125,1550.075954976028,1694.403590048393,0.9153364423537511,1.2965336358752975,1.2717213723298075,1.4193877106866146,0.31343086469001646,0.0003125,0.347375,1.2085945846214659,1.736096753325782,1.4375199889263632,1693.817115283808,1783.9744925846521,1380.511209613836,0.5238228033264195,0.46806672579031255,0.7035470289337519,0.997631817388553,2083.570091268146,0.030689124193270804,131.4265111865981,56.894050730470134,0.0775987437944424,0.09610232726394338,0.06622798456618594,0.072971011045812,0.01263291233982576,0.0038400642898264088,0.042411949230140314,0.06669631361847807,0.09439461794465162,0.053652901341095315,124.16089310998984,141.94810187499064,76.67699031227647,0.014007360295250421,0.07113859637981686,0.0431309408084807,0.0001281975283558874,626.1508029077769
12.0,0.07066750000000001,1593.680143987899,1754.6097286278953,0.9094165780333145,1.4174113765652243,1.4893032978864442,1.5633680848843912,0.25665553779395794,0.008046875,0.400671875,1.3219810144310735,1.9255432998272233,1.457276851929997,1749.6026720174177,1844.4105030798125,1430.3832019329122,0.3466801391626106,0.26424741854303746,0.8034198702673224,0.9934586811775388,6430.212956351453,0.048885140316357885,165.9511496159844,94.24647021782397,0.09286075737479331,0.1356736760417244,0.10855985995769549,0.110337964712169,0.018004379210330334,0.026472157949143,0.0492188764879327,0.09392229900216889,0.1461440557853737,0.06061040875525739,193.94899330564314,224.6200969671517,113.52108640677346,0.030530089095125668,0.03906676225978441,0.04643237711248925,0.0006033559501148059,907.9697720859095
12.0,0.0813075,1606.1980921382333,1729.751110520273,0.9305137391131081,1.4187605762983795,1.4417318759883855,1.5312073315874772,0.27022990986061496,0.00971875,0.39859375,1.2972346559013648,1.882957457343765,1.4526087518460964,1730.2955840785476,1835.6496638055783,1429.2231184819375,0.3226262222133262,0.28919068940561254,0.8237255597122827,0.9935786135012876,5526.675767595743,0.05584978015847511,190.2856589392975,108.98523485299528,0.11077534460641289,0.16322698610940983,0.13628075712019833,0.13601894228182357,0.01738121983669101,0.03040223508950452,0.05212266743881687,0.11771463828354208,0.17265106442003303,0.06088680473026626,223.458171594943,257.3294918809096,127.63553954989437,0.045393887680992846,0.04856049870849022,0.051206192589724885,0.0005865868852594174,1153.2818023805964
6.0,0.06270000000000002,1535.6680974296814,1753.1821335712198,0.8764191880708606,1.4258586150567627,1.5462548171248525,1.6281255638889451,0.2635263178758992,0.0015625,0.4176718750000001,1.3731048719364916,2.012684425993704,1.466601355793798,1738.1097468379908,1811.4657090526273,1378.7762450070195,0.4764168735674121,0.2523560247852702,0.755602738522268,0.9937506402984433,10629.773016009094,0.03132291493459698,87.85639272638517,58.073464070432244,0.05012361741671579,0.0873441240059168,0.07149700670261487,0.07233111637588636,0.010285340257417388,0.009575970903777853,0.03972697040719787,0.06432377932678339,0.09860375044215497,0.05321142832239782,113.79168482834324,125.73565526084643,63.73585667432206,0.03143844079870709,0.028086099508823313,0.031148499805998067,0.0005666150613761653,2985.252330384067
3.0,0.07704749999999999,1533.2960654487094,1696.3286023495823,0.904202721626499,1.282514496128536,1.2731804980223453,1.4204399018025666,0.3130140479295941,3.125e-05,0.34671875,1.202231247148585,1.748765570184322,1.455889204745438,1697.5390617713774,1785.7519638697809,1372.6128456279337,0.5389384105974878,0.4659998186157079,0.7056160083215914,0.9978024102421729,1666.4022996359913,0.027376910778062584,117.39529844713563,51.49474086749623,0.067817984003822,0.08785689441333731,0.06076209133746712,0.06334743057704076,0.012697473356096441,0.0006242182611074431,0.042630486725317836,0.05962144379769896,0.08493252217029057,0.05945390261371009,116.20045513945685,133.74386826108662,73.3055654585785,0.014533014733185861,0.05816900440481404,0.04038235290700739,0.0001400199933642994,430.12039430673724
2.0,0.08881999999999998,2051.524863980949,1673.0893014123133,1.2261697238823925,0.23104469665281918,0.15849201460437792,0.18887175578218296,0.2866510605988399,0.0,0.12098437499999999,0.1591825288057776,0.23323373393475622,1.4664936560776585,1673.471557221018,2338.8556719069247,1695.2135508908798,0.31482085031030677,10.129631095261534,0.13966489102914387,0.9984695471135933,742.675326818962,0.015432841604837398,103.13331160185176,29.655676588298864,0.05732416277976617,0.02459745227792103,0.01869038768647137,0.022253868194632653,0.013157864734755881,0.0,0.02013110713819225,0.019177748035608094,0.0275602560812481,0.04972927484209449,51.38205710906817,197.267919329184,38.50846600727167,0.01218254842971212,1.214925273036216,0.014367138038263965,0.00017251656640645052,92.10625366604263
3.0,0.0782,1542.399742642131,1694.254095854216,0.9107604620133657,1.292451920038988,1.274824579443714,1.4222894813310216,0.31334176296204147,0.000328125,0.3439687500000001,1.2086892077218825,1.7436404368444642,1.4443602643506785,1693.4394807941956,1783.4796558526903,1374.8870316997982,0.5441963235038553,0.4643527584592316,0.7024307361032908,0.9976437641154419,1840.7113458712001,0.032911092355010024,136.2161429209087,61.41206275373531,0.07799735288680844,0.09936722649632362,0.07369980225729265,0.0788174556534937,0.01275930176473193,0.005658731327283087,0.04854676184811403,0.07441296871794192,0.09800234119166172,0.061456189399775527,129.37826651330843,148.7204972639121,81.54045012071761,0.015295678530285482,0.07209577242317436,0.04058538761860273,0.00013640813454948323,412.1215895187738
6.0,0.0650375,1513.041090018692,1750.8016887909366,0.8647718475402181,1.4139233972151148,1.5517229757699795,1.636577292720304,0.26322243730852035,0.0016875000000000002,0.41825,1.376981334711359,2.0284165357159196,1.47419375551013,1742.8651281013224,1815.1672355861238,1366.320311688082,0.5031505137638639,0.2467196173365335,0.7528954909556329,0.9936186420544649,8882.109631811994,0.033676194763512086,98.76226582114101,63.61500227038495,0.05639637306680018,0.09410273638740663,0.07537420762980691,0.07530731952797597,0.010005207098003982,0.008743524389512503,0.04064595613342119,0.06983335694547374,0.09735860868659793,0.05242728005195401,127.96349740537809,141.92367803762812,70.7757027609658,0.0368332827464786,0.029057114687811157,0.03337056955723366,0.0007187177477013654,1900.0948466687444
6.0,0.0657875,1508.0055946274954,1745.8881347895344,0.8642281945747186,1.4201409450050215,1.5636842825789115,1.6447879596094181,0.2648946115279904,0.002,0.4165625,1.3889508968876958,2.0305743003214958,1.4629931288005855,1746.227674958776,1820.1282845971273,1365.1582561079872,0.5086576271213246,0.24109851124557433,0.7475742976384824,0.99369304106751,7786.513291437279,0.03221237873473486,101.4868304092638,61.55323880535832,0.057248638657081616,0.09546848899445338,0.0717964705677854,0.07451481147392583,0.010702008358670375,0.010712142642814275,0.039920575443623055,0.0685301457663554,0.09745523524693833,0.053120884450420236,123.3582803891383,137.428318563697,68.50823557008037,0.027049304672497068,0.026338721581838958,0.033722666672940466,0.0004590827219296803,1351.4244782879452
2.0,0.08750249999999998,2062.917672391033,1675.8659056952154,1.2308450450300388,0.2233792779893033,0.15287803238538333,0.18174792608579138,0.2821717184205717,0.0,0.120890625,0.1530797118954011,0.2246498692461004,1.4691150853493715,1676.3402258721032,2316.369070082045,1700.2791081766459,0.3049855133705357,10.400523594223905,0.13599738764073735,0.9982373408317826,755.3449419462081,0.0155716085793986,108.08309183326118,32.46762693204802,0.05758529825465172,0.014023149426664529,0.01049899803379134,0.012415484577266033,0.010210733169591493,0.0,0.021296083991179573,0.01128138588004466,0.015316651543758622,0.05489873864115992,53.08948497505107,198.56042769961132,40.22026378373989,0.014451120977036063,0.6919808402138048,0.007615546711801698,8.498650222362831e-05,101.35102783190285
12.0,0.0761675,1609.804697659493,1741.9430537264168,0.925859426171089,1.4205369451180854,1.4547669578168967,1.5407878047105594,0.26557313803786836,0.01,0.40264062500000003,1.3080383985327528,1.8910737038426817,1.4468906560867603,1744.2430715731462,1845.5102639410825,1436.3345309729007,0.31175562691021613,0.28116029863379643,0.8081384600161905,0.9936550466436828,5677.061855057487,0.052762339255855585,176.40480554640266,98.22432586281282,0.10333429311665944,0.1495936902991214,0.12868117937318257,0.13162092752846707,0.015785058618258577,0.03109021650776977,0.049447728773517746,0.11482485032709029,0.1640458487370759,0.05530498119045086,207.60444814606976,238.06996881254102,120.04556430862493,0.07614578600499917,0.04491360749879008,0.04810930723885601,0.0006294733091833032,1141.590371388295
12.0,0.08284000000000001,1607.5112747972203,1727.0257517628918,0.9324909422462112,1.4062255504689936,1.4219215648341719,1.5147262428593837,0.2700018921765597,0.010734375,0.39379687500000005,1.2810792221428695,1.8655462476649833,1.4569928779936376,1723.9890699508042,1829.0175507767926,1433.7072965251566,0.32198820479789136,0.30021147630272965,0.8399712809443123,0.993471938008834,5439.573988582516,0.05802369688325624,199.99645825508662,111.64652203333944,0.11333763290502875,0.166748238865088,0.13326251319990298,0.13893317127071889,0.01750151313950067,0.0326395404319573,0.058734187948624735,0.11817910170691258,0.17901574340455978,0.06103962176424105,218.9018258875625,254.0049835186251,132.27828201553638,0.05662820280692643,0.055030284469285096,0.05311590687282458,0.0005366027025767736,971.5767678000567
3.0,0.078165,1558.354224801025,1693.2159594826908,0.9206871083691118,1.2845703073207375,1.254099862374125,1.397920332177509,0.3139895376225301,0.00028125000000000003,0.34412499999999996,1.1866941005063756,1.7157544939503162,1.4472083065420571,1690.361957882184,1780.4758228146952,1387.746731378515,0.4896511020881381,0.4921746970461949,0.6926107774185334,0.9976924084920031,1890.8213552046852,0.03402951329361029,144.4181936025673,62.73217436279742,0.08177711074922688,0.10187348941009021,0.06447794233618633,0.06767842565504449,0.011209892066968742,0.003992057544362306,0.050866092586319224,0.06401049982412872,0.08758118690825868,0.05809856989583314,133.18277354163837,152.51609289569095,87.31137728627363,0.015367676244164696,0.06755608089687926,0.04214890445532017,0.00017753530175023018,406.9696732294302
3.0,0.07650499999999999,1544.735979314768,1698.0248918916864,0.9100423661992453,1.2975367522863326,1.2786100859254914,1.427563728932499,0.3127437108554807,0.00017187500000000002,0.34667187499999996,1.2134077061335262,1.7494516837138223,1.4433470896389031,1697.0566042888825,1783.2707372120997,1377.382580861715,0.5208895893669555,0.46185609646537046,0.6874564376111139,0.997726136804693,1960.9288554626337,0.027257934166036852,111.4174383978524,51.535822370788644,0.06417787838920185,0.08519547294374696,0.05668159870813152,0.06144102973694063,0.010509599638221975,0.0028759763966999105,0.04387880314268354,0.06101646332005571,0.07734365249373529,0.05797910416915572,112.6674136522143,128.54580878581174,67.64132772799202,0.013354852164525368,0.055052977550515136,0.033504334145216356,0.00012146690814611692,499.64954391899386
6.0,0.06779750000000001,1556.4780738271097,1740.4159621925774,0.8949546151789741,1.4166753024101184,1.5002085198943018,1.584748284307973,0.2685289017341547,0.0029062500000000004,0.407265625,1.3418339363942224,1.9506742670948893,1.4548391966974332,1736.3899466667854,1814.1118636021745,1399.4140003600105,0.37064038728998555,0.2846950742222469,0.7492027977976622,0.9932270792940912,6146.561446680488,0.03651029298362311,115.86468897966984,69.23815338391748,0.06560741842540688,0.10505227684630265,0.0759761455032544,0.07823564012187206,0.010616349406672481,0.011479899212863326,0.04126235314556569,0.07176457912234724,0.1012939550215283,0.05369568053207989,133.81673194629496,152.23644064448368,81.69638593800383,0.06116845094192876,0.03358624757763534,0.032958246312246,0.0006433005986830176,1264.288946057825
12.0,0.07951000000000001,1596.5986819183172,1734.1969435955514,0.9223396071703531,1.4062445478189267,1.4443702753333434,1.5315346877673892,0.26495906910822553,0.0094375,0.39675000000000005,1.2962898846870536,1.8846714514477783,1.4547850948246466,1741.2327097061602,1841.387629296754,1433.1734223941703,0.30296853920042693,0.287534427892691,0.8190866868387715,0.9933676078017963,6194.312387378312,0.057357997698664474,194.58760317784143,109.17867780579837,0.11056409282260453,0.16036655079973,0.1332575462361898,0.13684439482541477,0.016491440724452473,0.03151444361320695,0.05212275175007551,0.11734247536042784,0.1745574951196418,0.05774963777397724,222.59833924223764,254.25870397888124,129.34733476123088,0.061473812411425174,0.0509200690883117,0.05460181779642072,0.0007073638419876175,1073.7813880595852
3.0,0.07615999999999999,1555.2153294583766,1690.1670502435363,0.9204150190249437,1.2954273207574816,1.2559742429875111,1.4096555013051022,0.31456291370125306,0.0,0.348515625,1.1956620462081835,1.7320494275492277,1.4499777039315054,1690.2552700842346,1784.368077962548,1378.148085184389,0.5313089290647232,0.47270842445476247,0.7218686363320737,0.9978277570059789,2288.6127877627896,0.027357072211770014,119.09881498396979,51.72616010804367,0.06830542142774126,0.08969969048924653,0.06505596682881051,0.06971358689254967,0.011578993700793544,0.0,0.04389088643567563,0.06547611462808924,0.08910196364395864,0.0573893558099306,119.22837660851128,139.54624792759412,72.16761664803859,0.012099859845490243,0.06208876379180577,0.03869267992839384,0.00015241876641094936,545.8753195216962
6.0,0.0691525,1545.0566030312118,1737.8716938688024,0.889699326666338,1.4128261499183303,1.5069658969402815,1.590305018493583,0.2679234882872287,0.0026406249999999997,0.40881249999999997,1.3430749548094532,1.963135733237151,1.4630359573772245,1737.03859799509,1816.1069270158343,1393.2184653316724,0.4095818549194773,0.2772755055065397,0.7603878174795642,0.9937342749525149,7763.45333069538,0.039240148365545194,120.48582635333129,74.57022205867106,0.06704642572098758,0.1050184327551064,0.08256333187446445,0.08547258217436868,0.011692539454395632,0.0132641341918489,0.04290337071548108,0.07844410138599289,0.11121183612807765,0.05944199797086971,139.70970786177529,158.34914764075933,86.55096766437735,0.03900464317681444,0.03516248203143276,0.03468890519819127,0.000607456262631935,1264.8248859350253
2.0,0.09050749999999998,2048.998233498164,1668.6015926136167,1.2279940212126232,0.20572406356281817,0.14114986366177854,0.16785371803381458,0.2725190617632737,0.0,0.11268750000000001,0.14067477349709473,0.2083969064244355,1.48189924908626,1668.5571953721283,2405.3564842242045,1695.320574502474,0.31140217985800733,11.159337698534173,0.1308910540106309,0.9982442662809913,726.5485766073223,0.01609238775788106,109.23497417378366,31.49732872504855,0.061752187322699374,0.010295673419427113,0.008409832922848935,0.010399638052265717,0.010191407073144825,0.0,0.02097161399964247,0.008795196346554953,0.013585906274282017,0.04657205624884439,55.93504641879103,263.6595196973561,38.520202427713336,0.019718530685451433,0.6815992717677252,0.008157959923814476,0.0002481632398901831,106.52784352210371
6.0,0.061660000000000006,1526.3713460143795,1753.1334132013978,0.8709807057318814,1.4271426576349495,1.5525266384285354,1.6396845002405116,0.2637536077347659,0.001140625,0.42420312499999996,1.3825800882927286,2.028392707143866,1.467976577894329,1744.9043782991603,1819.4928177826048,1370.7752493431337,0.5224207206993481,0.2402724599200142,0.7567192924981208,0.9938039504395662,11249.268630790031,0.027912889495715038,82.98177245177955,53.210368532575146,0.045982789762915734,0.0782744066340639,0.06533622185363683,0.06577013708497953,0.00961298210418862,0.007419341672909733,0.03858900211179832,0.05998473237887603,0.08898170160415027,0.05148929897669947,107.92053052223137,118.74238435740493,59.46994265476293,0.02185233829492161,0.0253562813387914,0.028412806402437443,0.0004675103524962681,2307.422738573327
3.0,0.078735,1554.9555554511787,1693.5977067438594,0.9185637717839845,1.3103467190349527,1.2836005217866004,1.428478858250424,0.31161078484485943,0.00043749999999999995,0.3476875,1.214602759178033,1.7509419138299,1.443038205045522,1690.52070630086,1777.698382148564,1383.8082027950243,0.5142323330157207,0.45698444753726636,0.7062356326199444,0.997733951630953,2192.4116635323853,0.029065697566031327,125.91834442484,54.53445765353459,0.07370331228411207,0.09586050010578505,0.05540586641348409,0.05858081475361344,0.0111561105680859,0.004841632601716078,0.04472052975144637,0.05804568611725437,0.07482504733557536,0.05674195064073159,121.72858098739911,136.5823041649192,74.79806445232721,0.015652253233984385,0.05476026469795225,0.03881650678248572,0.00022297466180655668,619.2492873367052
12.0,0.0798975,1609.1177014851214,1731.1368732327398,0.9315544618297351,1.4105077170907645,1.4308975716193055,1.5212867405732589,0.2666493476967078,0.010015624999999998,0.39475,1.286574209091083,1.8746444006766148,1.4584567431140387,1734.149555973536,1838.7316400471477,1441.7432284770323,0.28575466476215217,0.292617872074882,0.8276177932800576,0.9929958787598528,4602.101698274051,0.05860087024737772,193.82934779802096,111.14992096509259,0.11297217357931229,0.16085883412241084,0.13383912894492314,0.13514120676669167,0.018777515592269724,0.033213027934974174,0.049591849758806136,0.11748444352836779,0.16901540295291936,0.06126758052010396,218.56587818420275,253.58487862932301,128.44971487897817,0.04241581924665339,0.04933785979886971,0.05132992542336808,0.0006115964538495385,1084.279634785045
2.0,0.08768999999999996,2041.9658103630914,1672.3413054801897,1.2209874554321545,0.23661305845000208,0.16287154981263638,0.1940910706420134,0.2904921226194349,0.0,0.116828125,0.1637959863060182,0.23937510824939495,1.4626409641400406,1673.0800054075628,2302.070484350043,1689.0107694573258,0.33839329158747283,9.76132433859221,0.14273783405228002,0.9984078371736583,736.5900780995506,0.015769239043149808,103.87340814088904,30.723779892065032,0.05713877546843626,0.015568400036444045,0.012052562514486219,0.01409400805548275,0.010860827547254221,0.0,0.02166681628053312,0.012433075391783946,0.017652884850536132,0.05377382371160534,53.31710985399331,213.58573951526,40.14156387565376,0.013935423576709332,0.8013226880166354,0.008739683622098236,7.301169797546122e-05,94.59865017405303
3.0,0.075785,1554.3357735306352,1696.6339372622103,0.9164120185271254,1.2904183362718982,1.2637617685725848,1.4102297317861063,0.31182705023121426,0.00010937499999999999,0.35221874999999997,1.1957313163570091,1.7332465503044105,1.450781441279773,1695.8058584197438,1782.4942617878746,1386.5323762533167,0.5101562087561525,0.47190316846506436,0.7169571923804652,0.997880047867636,2024.2547695737844,0.024750732817433892,112.47261899092413,47.58743070147943,0.06520626476534601,0.08015365795697955,0.05189932997834131,0.0594626638486174,0.01004427458921294,0.0021847639138760505,0.04046312702248184,0.056772433187996685,0.07729354097239571,0.05559314287469683,106.740841594724,121.94681533897639,65.07460942986907,0.011075342058841309,0.053342236172233576,0.037000320166201806,0.00012644817148342388,578.5759955159016
3.0,0.0759475,1564.5305262305785,1693.1194958181875,0.9243823862574974,1.2826923854696233,1.24244932945578,1.3906973270373642,0.31618520317573023,0.000265625,0.34615625,1.1805511891297786,1.7072385709605755,1.4466538447222483,1691.5719295947672,1782.0698560140527,1387.7159100560866,0.49407840038896567,0.495017245311938,0.7125790361628801,0.997890421452839,1932.8599972563236,0.02635118106935625,123.63718218039156,49.926973613534535,0.07222747298868751,0.08554732790446322,0.06717613530712471,0.07446488630640105,0.014994636015316807,0.004422482290453517,0.040618641329289926,0.0634882326659635,0.10196715518030361,0.05470966828445675,114.05859176952376,130.66613944298646,69.97246873406051,0.011773981827806689,0.07504923133869866,0.038850645970669125,0.00015947127344931935,579.546484497842
3.0,0.0756425,1541.8665208279992,1697.4506545473796,0.9085114210977694,1.2964340469034545,1.281847706729667,1.4288621720787376,0.3122091992271411,9.375e-05,0.34865625,1.2132124298643299,1.7534448534481015,1.446495825181451,1697.844699480609,1786.7602158085613,1374.9647267155221,0.541733175396262,0.4598873670252532,0.7018419373375311,0.9976477138520913,1895.484914935765,0.026031801584792385,111.53258647616583,49.10186557255721,0.06258353836396117,0.08465720605059364,0.061361560211868824,0.06738259021802388,0.011954990881265459,0.0015906833240780518,0.04401649859356716,0.06194217366722325,0.09124330089549393,0.06089826749246839,103.78172693843464,120.74161887732065,68.3639967021109,0.014124795485157231,0.061986344694170796,0.036110769530019474,0.00020959965998263344,430.55079565638044
3.0,0.07708749999999999,1536.9366289653071,1696.9215174914111,0.9062398799681542,1.283971742755806,1.2699413897682874,1.4194030243245732,0.31247519224017967,0.000125,0.35014062500000004,1.2024697228288703,1.7462127533450422,1.4532768990104117,1699.2236732853362,1788.2653471804847,1377.4550852579323,0.522100508343268,0.4667634325110659,0.7101781646020126,0.9979509281141514,1808.9508378020953,0.030212494828299092,118.99210552589959,56.7566881123192,0.07033201330831468,0.08978593334810482,0.06811498586928762,0.0722148401713136,0.011374313810007343,0.0018178799465311236,0.04417074193806773,0.0660965529309364,0.09139198879486944,0.05071579727212452,117.17908964159354,133.18518546224973,73.23555443940953,0.013965425212722328,0.06242609877500121,0.039616711509446075,0.0001603789206291187,364.38845075912576
2.0,0.08471999999999998,2036.2194517772232,1686.6599249730405,1.207244794577834,0.28676162387011334,0.20085358580844093,0.2379601748304613,0.3006455129674538,0.0,0.133,0.20203168998300922,0.29182902207331124,1.4462458664371076,1686.3746408960249,2200.295709977453,1684.3102366578935,0.34862198153051216,8.00262295048315,0.15246609585549545,0.9987861240342414,767.9942358658114,0.016835426932513466,111.93296134937694,32.45609373647976,0.062035174964693296,0.019214179490485053,0.015541981914272097,0.01749584656701061,0.011207200927200147,0.0,0.022824568725388877,0.016067489472756876,0.0209116173811827,0.05187346309958032,58.92046328323782,128.189236546603,39.67630096596438,0.03125930780706111,0.6061228918591751,0.007911344948132846,4.247427673579597e-05,103.24172413999943
12.0,0.0782475,1613.2846473441552,1737.52017891251,0.9304092023583496,1.407607547000474,1.4353710565771913,1.5201927019669876,0.2647371194577382,0.010843750000000001,0.38810937500000003,1.2877361250371382,1.8707744139469509,1.4533634522055823,1733.1845178452634,1835.255157920341,1433.4133569035498,0.3327585769108826,0.29854504403361565,0.8129469081409013,0.9933650699225609,4963.866229052837,0.05359348135501182,186.92441537296787,102.81560768961526,0.11016950246283708,0.1567864791776028,0.13445954064009064,0.1390929887194211,0.018800550709384144,0.03195747601794453,0.0534358529534186,0.11735677239648439,0.17931518406391173,0.06005067289534167,211.26184177150688,243.86102249367838,121.01878725966036,0.06678189410375998,0.05903553552203378,0.05519872933843937,0.000669979215246346,1541.1860579584113
2.0,0.08543749999999997,2043.2410277313475,1684.4659765850688,1.2130055694683997,0.27040496119500346,0.18839166735378718,0.22337722375216731,0.29654034096267035,0.0,0.128171875,0.18954463535134283,0.2740066092871519,1.4472404610824827,1684.4957389226026,2257.934329993396,1684.7507073178933,0.3432024307488762,8.586897946162852,0.1456386982614721,0.9989888197531073,770.1310230509548,0.016557961642364078,118.08556267624665,32.5454879846042,0.06638142079116384,0.022114820928610224,0.016572883606405266,0.019737244208474423,0.01176374509173396,0.0,0.022582266056230385,0.017611827052494426,0.023874331340247645,0.050784781076720326,64.13052383377499,157.62072729032732,41.393583986855226,0.017561511749340855,0.7997374706788893,0.012868857238012248,8.244145705427583e-05,113.48485808683465
12.0,0.07580999999999999,1601.7388891846751,1742.4964728744367,0.9206542810418403,1.4125008639907157,1.4577462957055018,1.5403558879253128,0.26344015469063964,0.008703125,0.39576562499999995,1.302587047183639,1.898007659539286,1.4591553725173168,1740.8241669846673,1841.6124734656746,1434.133059005859,0.329727052893623,0.28339300009370727,0.8139971318460898,0.99392057827374,5610.641321439627,0.05349718590729796,185.7804081518003,103.782307081016,0.10443766377292889,0.15120054644365136,0.12689954357745062,0.1264392191267877,0.018093867992730057,0.027598151368966272,0.053829335980572664,0.11454677596126271,0.15407328335758982,0.0614644168502025,210.62996511329652,242.35173953558785,122.22639976327933,0.026630858731525174,0.04775956131615073,0.049876204016016126,0.0007491462169687821,804.1540854887668
3.0,0.076555,1544.1843844580048,1697.6684875610981,0.9100138591568464,1.272332087911851,1.2529080562559234,1.4008592265782744,0.31252118797178463,0.0,0.340609375,1.1881720620748646,1.720385359068056,1.4490038048037668,1701.3845429674789,1791.3097701752986,1380.3216844505253,0.5065521841658334,0.48831509815424234,0.6816938474358958,0.9976987012679601,1778.278847319662,0.030824210857700783,128.21276141198445,56.92998816954353,0.07435379207166619,0.08909668186960235,0.055792973208848205,0.0650768220567054,0.010377274316991864,0.0,0.046718486098752975,0.059880164413017606,0.0856259248287824,0.05447931202341394,124.44448516251022,141.8313838304175,76.65779624939408,0.013665463262999136,0.059264162599473445,0.036153695725621306,0.00014849997947057609,586.4062446536058
2.0,0.08750749999999996,2038.2573312667187,1679.1530869140004,1.2138620409655143,0.2446838922910484,0.17024080389269888,0.20195402691515343,0.288645229258176,0.0,0.11978124999999999,0.17056306325497012,0.24887593053496254,1.460503611744816,1678.7731049964061,2339.5642245624836,1681.7499182972806,0.3489308830729218,9.387130320735855,0.14083028646609738,0.9986222824592405,746.8382950716332,0.01582671613917429,115.86265254799048,32.158578696481094,0.06504816666766676,0.019312911598259017,0.013916751068274696,0.017055187482395227,0.013003259828757241,0.0,0.02138995730331176,0.01507796407995382,0.021072075334364636,0.0512449107605728,57.947042385381614,204.9644187870485,39.339227512522676,0.018669240860517713,0.7869761134003272,0.009765870264451918,8.423896595822816e-05,103.48638716849875
6.0,0.0654325,1531.7869511783697,1747.674605521143,0.8769751475012594,1.4193949690579581,1.5390944072646153,1.6202414807324004,0.26305411369459486,0.0025624999999999997,0.412765625,1.3680988759645383,2.0007987253318187,1.4629268459640696,1746.6696828128397,1820.082073841042,1384.2945664915326,0.45370022930390014,0.2568639444700661,0.7482672364140194,0.993641980835633,8098.248561976158,0.032248960351459376,95.56140359645605,60.90795336806669,0.05413985925254781,0.08645735360584547,0.07123789626576119,0.07402244864751244,0.011645223455233658,0.013717148255012775,0.040226746849694114,0.06168695922982189,0.10848856940789882,0.05746536586956318,110.22154144611392,123.56845317187145,69.28035217596607,0.03025092890480474,0.029976005298946416,0.029698101108951564,0.0006213095314954427,963.5179534824159
12.0,0.077165,1614.5560043151593,1736.4011553695104,0.931294005613999,1.417098943050285,1.4384703861552737,1.5274763890784198,0.2674469236070779,0.00928125,0.404875,1.2911287739078312,1.8831192287844614,1.4596752970217575,1730.4645973693334,1832.1569467335707,1433.7479385981655,0.3369441883177333,0.28726693167407286,0.8498122150451082,0.9936284213628855,6302.448296590601,0.0528375602672947,183.74255439531382,102.78698808701448,0.10395079725483923,0.15202179849969447,0.1266994976209914,0.1272027587848531,0.01663713618054116,0.028449362223738863,0.05022084042008855,0.11022730572207293,0.1616447134421427,0.05956076166139604,209.38225131962943,242.4810121255561,120.79050339272561,0.05511997990654325,0.05012870615740226,0.048785292012009276,0.000477588544066158,926.2653647928053
6.0,0.06696750000000001,1540.2816608756257,1742.6204611276435,0.8845420608506231,1.4095525344916182,1.508418079265016,1.5955618948662122,0.26545694613623266,0.0018125000000000003,0.40814062500000003,1.3460351799100991,1.9718750411143189,1.4658090036995082,1737.9177802623249,1812.8209869103466,1395.2129830852907,0.38245830819107796,0.27425657769245304,0.7513522662970726,0.9935038956575135,6688.7309537881265,0.03674780869317243,103.7312870431898,68.88346998232926,0.05910757829608133,0.09395191218342491,0.07527477385741296,0.08094085680998865,0.011992418851318989,0.012594796792723573,0.038030617676542866,0.07068903936781414,0.11139063759959678,0.05861347156348223,123.77244169270804,138.64207963441513,73.23144256295537,0.04727968710093084,0.03185536685901252,0.03167076144219984,0.0006323638146072224,1488.2085140709478
6.0,0.0664875,1523.434270323721,1743.2826803548585,0.8745044122931955,1.4134401921993172,1.5324970397531406,1.6182003478823548,0.26627752378078556,0.0020156249999999996,0.414296875,1.3656799834595932,1.999610297778712,1.4655659600129727,1743.7212044185885,1819.2413560835444,1379.572119450317,0.4624334671624611,0.2602426263803408,0.7545441973678032,0.9939674113975925,7160.766082276762,0.03537407021746295,101.71924191745521,66.50026938121323,0.05818437894212937,0.09465493142900237,0.08083950041814279,0.08074661758054402,0.011377388346958535,0.010894547356791608,0.040725761459847194,0.07451223933955538,0.10653931756256708,0.06109719799271769,124.71885825568404,138.73032790235413,70.89522679422622,0.045462029001517475,0.030334547948859265,0.03432100711935876,0.0005410216183911152,1061.8096779800082
6.0,0.065495,1510.2610108011172,1748.6883092741848,0.8642548991632647,1.4040014347348808,1.54079867410767,1.626190616185571,0.2649076959295501,0.0020156250000000005,0.416828125,1.3700916389158084,2.0121387610896733,1.4694610053180492,1756.107903181698,1831.2680498111802,1372.6299726870714,0.5059155495346923,0.25155762032979534,0.7506030374165122,0.9939192914793858,8708.315328176133,0.033899704644731035,94.47889571661362,64.80445749415814,0.054024021396165994,0.09094706223861158,0.07480673368521694,0.07888296926317663,0.011527891763268332,0.00937186145380815,0.03891996181568495,0.06991878867342156,0.10565377646150116,0.05336461029998469,120.57929213938554,134.64329585867674,68.96067237976567,0.030183013314142037,0.027837029426875798,0.03325839908316985,0.000388511202924281,873.0142123099782
12.0,0.07136999999999999,1581.1463807784683,1748.7771774123032,0.9057030622136335,1.4156199875722675,1.4881559450847188,1.5690038151391605,0.2585823494596656,0.0073750000000000005,0.404140625,1.323246767804669,1.939099047381481,1.4665108284069306,1745.2838482125642,1841.0463300129275,1420.9476127817095,0.3709620319480257,0.25834159763342923,0.8177196034021625,0.9934423443576068,6119.510039336359,0.051843978435301426,170.81271009324473,99.68640645226635,0.09844871106887947,0.14348692081369346,0.12329808676014226,0.12459457142977874,0.017254259264430503,0.026996527554483743,0.051171278622478986,0.10843119912612793,0.15706482648070968,0.05564423648839225,201.311075366999,231.1189410007651,114.43864579597995,0.0776888715589891,0.047617928693850904,0.04772924594581078,0.000623639972854017,1696.1286767646045
6.0,0.0677275,1527.5506499539833,1743.9793255947752,0.8764988124574438,1.4151570638364248,1.5290054223935161,1.6164409546940124,0.26558631249965475,0.0029062500000000004,0.413609375,1.3643720493498797,1.996773079654664,1.4647158858881064,1742.182675477552,1818.2216244748668,1379.9218868278563,0.46199981739263846,0.25940802681943326,0.751773531193618,0.9933568412222367,9136.084396982442,0.03754335152527008,107.84683310545759,68.11961485226027,0.06065004143906013,0.1010290787249316,0.08083723675969154,0.08341337351928722,0.012208221479301801,0.01589611661499437,0.042258502172454894,0.07720461182871359,0.10428855014366971,0.05076001481056845,138.54410208500374,154.8519263986903,74.33583605299813,0.03999959484634925,0.03338411555069205,0.034905675961600185,0.0005598129607122052,1121.5012952682464
12.0,0.0763875,1617.44289321405,1737.7424144543097,0.9324428986460188,1.4277727953294295,1.4527404276489357,1.5379409467690783,0.2633322648792391,0.0100625,0.40031250000000007,1.302601618458226,1.8930012611764186,1.454101650606343,1731.706409480328,1829.498431622095,1439.964642908494,0.31066119019301636,0.27835091089564296,0.8241905334467654,0.9934146318488932,5795.049290603053,0.05279642358862955,178.6096166873351,101.16618473257198,0.10358925182349235,0.1487463648152791,0.1320956344469275,0.13374081153254153,0.018883090213677817,0.031812377209979134,0.052048842746501095,0.11374639735655884,0.17291789616866682,0.06337719284447638,200.496572402799,230.24830160949114,118.73220580249269,0.04981185532646858,0.05086858736890175,0.0490108453098543,0.0006199469764956633,1478.981118806969
2.0,0.08577249999999997,2040.8323075047138,1680.5113427927427,1.214292435515238,0.25848757521346194,0.1794671451188465,0.21333725718260893,0.2950482078408189,0.0,0.12509374999999998,0.18107144096905756,0.2616461185263493,1.4463583709110341,1680.931970798088,2253.4122703062603,1687.8727044664668,0.341504318951554,9.050215213025234,0.14281607590982187,0.9987939892635402,767.7398088172212,0.015620843247084968,112.91635257550686,30.881210503248486,0.06122440069849943,0.02512592327884335,0.018980637098134193,0.022603504280426377,0.012476340858213357,0.0,0.02217189151690717,0.0197277430707723,0.027617533241667668,0.0490924746906127,56.23826605755926,158.86133981125525,41.28286780103628,0.018892186651781412,0.9723587180807927,0.011117584815821138,9.900770711890554e-05,106.11241003366068
3.0,0.0766975,1544.574167193895,1696.1277829506441,0.9109737658675416,1.2972461947005842,1.276506180095397,1.4258810803735034,0.3133105295287391,0.00017187500000000002,0.3499062499999999,1.2112496048171446,1.749100610334399,1.4450249521847838,1697.9653917046014,1786.683472581678,1377.3661688490724,0.5235029165963332,0.461090750823692,0.7053911502626024,0.9977629086564703,1931.961330573713,0.027354633862473814,113.51755459486485,50.88539087919486,0.06584266213682946,0.08797410667970673,0.05608388005634477,0.06341825320062414,0.01017277653998318,0.003433200436090937,0.04142707023719514,0.05867302749106751,0.08304755640949765,0.05147546226031307,113.60573211576713,129.5163208831812,70.2775817548647,0.01635143034274838,0.05297047548418718,0.03683204160678095,9.716529380922471e-05,503.0201509322105
2.0,0.09134499999999995,2047.5813691497613,1666.0010349244903,1.228948818717407,0.20604729526960852,0.14153353025285603,0.16799693173691074,0.2725409662496204,0.0,0.10948437500000001,0.14100407193748873,0.20824935487065013,1.47808080078442,1665.4852372059552,2312.707112778236,1695.0601380967505,0.33737477585711134,11.054621443434584,0.1323904981869198,0.9979026856606699,736.0673818875267,0.0173172161446348,122.69366454457467,33.43234607069703,0.06782412141729972,0.013589758144734685,0.010075952279268361,0.012229056864250484,0.011235088194336579,0.0,0.022672682618282626,0.010778426673244862,0.015287753466459884,0.049308121905367916,61.979036577606536,191.99994095026256,41.68694552926507,0.01979653854225516,0.8367114406551978,0.008001227686876503,9.397861220524121e-05,111.17738581143225
6.0,0.06504,1542.0926466617248,1745.5306492677266,0.8840765445525116,1.4121241923297065,1.5115805415356331,1.5997510937697148,0.26782210785502764,0.0018906249999999997,0.41440625,1.3479237309957615,1.980272273565103,1.4699105779720563,1748.5847432867274,1825.8421581116504,1392.553822513959,0.4146271841737012,0.2724939833630177,0.7589298890278926,0.9935403391592171,7612.06647543387,0.033250088721686125,105.33599186259366,62.62679765716221,0.06119345591237157,0.09180447708641326,0.07898615959713823,0.08133029911389518,0.010682850629396291,0.011041459068410073,0.04288519148187985,0.07148251424521301,0.10747825543937281,0.0510050335024908,122.2957978330955,138.07861718639487,72.75964657863072,0.04893791821480776,0.03672407045301394,0.03301758902993575,0.0006204928456364853,852.8516675580944
2.0,0.08935999999999997,2043.062217379761,1669.1797045741612,1.2240253940043262,0.22019024563323947,0.15162534252602466,0.18027096075822427,0.2807350974677978,0.0,0.115484375,0.15187495331374443,0.22273219679935685,1.467494666927616,1669.2698417284566,2353.5483006608742,1693.707302834871,0.3202216895067594,10.468106870621172,0.13429624358747688,0.9982303713041406,719.7122159259845,0.016160767308516025,106.27648356683157,33.429507677287305,0.05955365648608129,0.019181993056326584,0.01440631787831656,0.017550875167281717,0.015149703922760799,0.0,0.020295178912967855,0.015105589625785837,0.022138384717509462,0.05541516443009606,54.158091160656696,195.21857692423794,42.90100639190219,0.02269909054883302,1.0340211297989155,0.012500811865799237,0.00020438918407796869,92.86700010948415
3.0,0.07714,1569.6737172669214,1692.971521426707,0.92757030782342,1.2918099998842394,1.2473201417484823,1.3952361455663143,0.3161824614253174,6.25e-05,0.351328125,1.1842050375048572,1.7127723957570498,1.4476625416907927,1691.0021830609307,1784.1733214601386,1393.2695653730054,0.464148442947241,0.4936695858316041,0.7030226085284813,0.9978122719774695,1909.3356201888685,0.030789696328479745,130.79050504714152,57.985017526401116,0.07554286798171607,0.09474298144168743,0.06586839095665135,0.0699144754088665,0.012912959619064059,0.0008816709987291178,0.04513103480681974,0.06492052704384095,0.090763597543221,0.058859621077704455,119.47517311264224,140.75510476449526,77.94287875606523,0.02268702299475573,0.06214314105123827,0.042722942895732675,7.346140664857006e-05,508.71780067932724
6.0,0.06508000000000001,1520.3297566807641,1748.0294054034755,0.8702145028065587,1.412642597512452,1.5404640620684629,1.6248687032493647,0.26528711422193196,0.00225,0.416875,1.3681225735184608,2.012044053214593,1.4715877749086277,1740.6691218675028,1815.3247159560647,1374.0539457186667,0.47860447855369914,0.253939056043247,0.7578082612556761,0.9941483657318995,8786.19059122262,0.03445473262122345,94.94680464961957,63.978037802281975,0.05267908074667894,0.08738087366402734,0.07407373878823466,0.07467725081300455,0.012840348676749401,0.011491165084533421,0.04193093279429877,0.06794634104846733,0.09939957768180678,0.052404020131269484,114.64276581983634,130.9245770799695,72.602594820711,0.05426607759453762,0.02950944391370031,0.03125838055333131,0.0006324990957871659,1963.3606468975825
3.0,0.08098500000000002,1587.2497354857326,1683.003104843033,0.9438402741200699,1.2524842357080888,1.1892802033592813,1.3325331358996062,0.31773489102497526,0.000234375,0.34131249999999996,1.1258044621612544,1.6441018875260773,1.4621743658450532,1682.4752766109768,1780.8303673394514,1405.8639944445456,0.43365087039298555,0.5529794057919016,0.7197353763462476,0.9976916084333376,1675.0524239181843,0.04214901867185047,190.260952215126,77.65585488111502,0.110881370037023,0.12172351704421552,0.07856165328627439,0.08632349030045951,0.01316364171380049,0.0038582994452705456,0.0540481917481982,0.07986432426442183,0.10569940610337532,0.058738896636491046,169.73132836572717,196.0574209550033,108.41194727228041,0.01712109366795118,0.09350620907319745,0.051594476026434286,0.00012356761035334517,490.62512675826787
6.0,0.06288500000000001,1497.7245050658087,1753.2988057887858,0.854661196504621,1.3996008246716667,1.5586179882854228,1.639564556840466,0.26162389694533544,0.000859375,0.41754687500000004,1.37922614345347,2.0327673386222664,1.4749755819700914,1754.1635489358578,1825.990532038746,1366.7117259654187,0.501637944780506,0.2438337911401603,0.7378531202189034,0.9932074138169383,8007.345685451695,0.030426087080004206,93.49653514806462,57.30315030099928,0.05288333755294938,0.08190482496497244,0.07207799600616441,0.07364300545120867,0.010304565004094424,0.006856776273102033,0.04312520097326359,0.0677335077745402,0.09714126406513564,0.055430180436558264,111.974583523681,125.91455089965856,68.44719258445157,0.021371580512805587,0.029931024122666253,0.027576389308182396,0.0006480087503582014,1149.2416628919932
2.0,0.08758249999999997,2051.7603910091602,1676.1779072844654,1.2241005842443315,0.2351086761239045,0.16205572386694997,0.19237632962798762,0.2861244184384794,0.0,0.1200625,0.162516247777984,0.2371046919797868,1.459811843991429,1676.08426115832,2297.1115873018516,1693.2399041954964,0.3287200190474644,9.792391915651145,0.13700692520357236,0.9984851314791939,754.8716984025514,0.015993692311345748,112.11915021378815,32.28723913776685,0.06326450982515837,0.015843279732411383,0.01149845170895852,0.01364033286291585,0.01041852667254815,0.0,0.021356260059991777,0.011902796074937267,0.01732638799065673,0.04961479064387289,58.825794822833984,193.09233926713512,41.840621072832775,0.02214586965196694,0.7088622178316107,0.008701878222443919,7.03469972390545e-05,102.3795333283413
