N_good,unemployment_rate,nominal_GDP,real_GDP,mean_price,mean_wage,median_real_wage,mean_real_wage,gini_coefficient,share_of_inactive,share_of_refinanced,unskilled_wage,skilled_wages,wage_ratio_s_to_u,C,DC,total_expenditure,A_ratio_FtoH,mean_m,mean_uc,mean_delta,tot_inv,unemployment_rate_sd,nominal_GDP_sd,real_GDP_sd,mean_price_sd,mean_wage_sd,median_real_wage_sd,mean_real_wage_sd,gini_coefficient_sd,share_of_inactive_sd,share_of_refinanced_sd,unskilled_wage_sd,skilled_wages_sd,wage_ratio_s_to_u_sd,C_sd,DC_sd,total_expenditure_sd,A_ratio_FtoH_sd,mean_m_sd,mean_uc_sd,mean_delta_sd,tot_inv_sd
2.0,0.1164625,1582.8275331469422,1618.0063979245053,0.9761538413960106,1.0995045359990092,1.017005525609116,1.1383575995238275,0.31520088309900346,0.0,0.18868749999999998,0.9673897501478441,1.3974967522226875,1.4501557491088315,1620.9777971553995,1853.624965057121,1417.1061769843293,0.4522292220732602,0.8245272881033854,0.6020232323104913,0.9963662226436912,787.0910396518256,0.10709854617944166,433.7518092228529,197.27143804433393,0.22441317581205564,0.21873001875157103,0.08505013409133753,0.10249491986331756,0.022107823550875195,0.0,0.09837625078620348,0.10277286147904299,0.11246991098437684,0.08120764164158623,320.30057008014876,438.6464519015911,201.13876966446063,0.03506180363060763,0.25529937968369565,0.06723181965969963,0.00035808544523447175,532.9904754367711
12.0,0.07609749999999998,1545.53832569579,1711.9936354690979,0.9030414845591043,1.4336452818484207,1.4517348583708733,1.5900023805729375,0.3037105581836309,0.004968749999999999,0.48854687500000005,1.3512840044751633,1.949343289085842,1.4436558531612016,1710.9690265572394,1776.9403047560265,1358.6673948064508,0.3297769567972963,0.3243411797862852,0.745159054342293,0.9970962236873688,2987.42864806342,0.02466420470540251,89.35283058838291,41.376653499841105,0.05240636095080511,0.06544270418150722,0.06381309857894833,0.06690445602060341,0.010275801217398052,0.016551263877344836,0.036499381282213195,0.0620083581092392,0.09332242132394705,0.05885531492215428,89.1596481981415,99.54056652355929,55.304434477622,0.06937120268770332,0.03528130240679351,0.03339271426011253,0.00026091816731926474,659.2465015435057
2.0,0.12053250000000001,1584.601313849735,1612.0638580806792,0.9802346051702808,1.0710540977470582,0.9886524093577429,1.1057561873346229,0.3145422544633609,0.000125,0.181609375,0.9398017212971379,1.3573730022945938,1.4483955235905228,1610.4478646192774,1848.3511429396167,1405.6273443262578,0.48787512756951995,0.8863929670177282,0.5818494703440159,0.9963894512908026,761.3762476714768,0.11192827589018782,461.0374482664142,207.1923187773766,0.238202126835374,0.2245806450131527,0.08641103506666627,0.10426457883244628,0.02246116740079308,0.0024968730444297725,0.09817956161217758,0.09975714879578607,0.1174696142636353,0.06578134208671263,329.2375299776958,451.98354710005043,201.82685459005634,0.03069679573151395,0.28219466274437505,0.06870698015248485,0.0003173301765738332,553.0511260088849
6.0,0.07262249999999999,1521.5800188134795,1716.2820886670588,0.8867404700849123,1.4167584500380526,1.4701503973360293,1.5995106996702515,0.29553832268836855,0.00121875,0.44481250000000006,1.3539990692622796,1.969438827384613,1.455537033179505,1715.2561255810856,1784.8748145311436,1354.6537132846313,0.4399791977715537,0.30703872002072335,0.7380691191790784,0.9960476701554362,2999.495939984408,0.022998695479309238,88.95938504622879,41.004861745246814,0.05058731910124718,0.06948023519016402,0.05117965087744873,0.060124273091323135,0.011081553701201565,0.008177653907906595,0.03509813251798449,0.05605319110470843,0.08677417710959448,0.05842802638579974,92.83388093863373,101.90407930141768,54.61638790209217,0.015762050935732855,0.03204419593202439,0.031459522150556,0.00037476763443392903,613.3259418888284
12.0,0.07607499999999999,1501.9498958870909,1714.4395883746836,0.8763279770897435,1.4210583936646515,1.4808752836789316,1.6243349749709146,0.3041361836564293,0.005234375,0.48645312500000004,1.3769995367906103,1.9961667050092993,1.4507977623331572,1718.7811491647365,1782.354081570642,1334.5306721168145,0.41074479297813504,0.3007747021741478,0.7402002077717588,0.9969844157629747,2440.539555562253,0.027443111612934844,93.05224102900432,43.22542176144653,0.05406156421600621,0.06859093922207911,0.06340164901561954,0.07010006067291236,0.01116625894942803,0.018018104772960307,0.04108368163254572,0.06327924433528571,0.10287985518069628,0.06692792531727774,88.39620611476124,95.02063301808914,52.79179458371006,0.027130228344361802,0.034740299543304876,0.03665031608219161,0.000357403446855177,419.8868465986044
2.0,0.1180525,1601.3187816447019,1616.7537980699265,0.9881593937577562,1.0693332687201111,0.9809718023347851,1.0935777913366882,0.312804560114528,0.0,0.1765,0.9299024283190476,1.3421839227752321,1.448996694696637,1613.3045188206916,1855.2201920628243,1422.8965640401327,0.4477515174100635,0.9107963375000695,0.5859410674480284,0.9964538455047466,751.8749965460572,0.1101385479464388,450.61843722850546,204.6565051531724,0.23320508853488084,0.2210972509763713,0.08167649655504128,0.09792248736494813,0.022130862545432423,0.0,0.09519765622114865,0.09897499317308353,0.1038643280134753,0.07530792231110285,321.1315637310336,444.05981562094746,202.03140908856375,0.03643921662139717,0.28253058167918077,0.06738147268920754,0.00032503137723361857,537.2646503866323
6.0,0.07301,1513.0177898592065,1718.1129576610442,0.8809960734943661,1.4031331849400357,1.4650700624153128,1.5951951888377165,0.29499836984459604,0.001875,0.43959374999999995,1.3487565124938885,1.9661442544073588,1.4587527160172769,1718.9594081210657,1787.0333131604516,1352.027929433501,0.43251925972905936,0.3119726543274999,0.7310487491363896,0.9960411391455515,2762.4421886582445,0.026763499397500307,97.13492813902138,48.83881773882098,0.05669359443193235,0.07495068768693798,0.06920643373494083,0.07000937029252093,0.010288032802548929,0.011119029296660747,0.038864636379844074,0.0641463961747665,0.09463396943354996,0.05529204348208409,99.27476233619986,108.15318294369116,61.90643674061046,0.05372576021393703,0.039054617576782316,0.03164272122322805,0.00036645042336063045,435.7275009556756
3.0,0.0847475,1523.968806657513,1694.4062831239833,0.9007555102117873,1.3343701766592266,1.3657660142497168,1.4855906886597856,0.2946587382107851,0.0007656249999999999,0.329828125,1.2562545795476177,1.8315768940948158,1.4607743780873002,1697.5739183121268,1799.2787884837576,1381.503059789486,0.5059994578360457,0.39024056397639284,0.7115178499892323,0.9946369882163961,2149.746544451621,0.0590043112301974,200.34906175469408,109.79290121455581,0.1129487479152373,0.16242111458579367,0.0962415111687902,0.1051381096015246,0.01297334922959887,0.006738687714189981,0.07006713960719657,0.10067369480420695,0.12249496200920112,0.06443587723149131,208.18831058062295,240.73561612496113,129.9526024208191,0.03299338155522703,0.07775266182485728,0.052642799127249805,0.0005486180652162059,834.8302472347941
6.0,0.07231749999999999,1500.7736687412116,1720.753507513287,0.8724779019004714,1.4155205711830867,1.495114501530996,1.623939429708524,0.2918725750856311,0.001484375,0.44270312500000003,1.3729456491264653,2.002473645016873,1.4594035415211482,1716.0273808144411,1781.7618133981482,1343.3430037984206,0.4879077441922535,0.2912458771066656,0.7282446082788806,0.9961733642258931,2902.1875697666346,0.021357708064069024,76.60146439046974,39.95354402805299,0.046062642082526785,0.06840884281673222,0.05703957034516883,0.061205087516148116,0.010248999569697997,0.008951025059141271,0.03671546195384685,0.05597096867531058,0.08829244085005745,0.056636100576774324,85.7848988905298,92.29151838292276,52.201008020472344,0.014220067139676192,0.028427225329209122,0.032292873688856735,0.00035049604326822825,506.8750159028046
2.0,0.120305,1586.1441842996248,1610.5269658790278,0.9824180999455976,1.0746226179207274,0.985004918353517,1.1059307054091467,0.31637020568936003,3.125e-05,0.18489062500000003,0.9376395710400588,1.3611301566949647,1.4567589444561913,1608.660056702802,1844.1702625350288,1408.5095292738208,0.4644757252094389,0.8788273218173391,0.5961776563652443,0.9964896467339297,756.9161111811634,0.11245153167031564,459.6056737380176,208.2712168054554,0.2383654669986091,0.2282701442990931,0.0810077720547101,0.09964323307286374,0.023020404591918696,0.0006242182611074431,0.09816145695159265,0.09896284157968407,0.10844569784665395,0.07297078338234478,329.97834233215707,451.6511889272515,204.7153334802753,0.02258437593011712,0.27634214151623043,0.07054039871188375,0.0002455786413610528,554.2873139653872
12.0,0.07524999999999998,1516.6571001599339,1712.2191858506308,0.8859683437888853,1.4144351204188736,1.4602105945276793,1.5986814753115057,0.30424408063830166,0.0035625,0.48620312499999996,1.35621766449832,1.9641289391962797,1.4494112316493146,1714.1136302832224,1777.7374945768534,1341.3209543489706,0.37467713590931645,0.3184632846990315,0.742665223896347,0.9970725828378335,2405.741309191622,0.024822620731904988,95.75785243290389,43.62071148312409,0.05429678789651726,0.07292385351815794,0.05707513618029928,0.06475220189855266,0.011533282211140175,0.013295176521957127,0.03928782201884415,0.060477482795045126,0.09112154110669804,0.061009484930694184,92.56267395569226,100.02668291477514,55.297233161922385,0.010278039173478377,0.0334021109795017,0.037000812774978055,0.0002791937154617273,510.2399723979355
3.0,0.0816375,1526.9337105187303,1702.1070867983983,0.8980464133034727,1.3346211000664652,1.3734175243509916,1.4892995958417827,0.2896227968153569,0.0007656249999999999,0.326875,1.260031889924467,1.8351690787510504,1.4588028830110786,1700.9278006498532,1798.8359660360613,1387.558453204805,0.5158861389157997,0.3815164517906048,0.713525071585512,0.9951035281467935,2147.433112702885,0.054364198639821774,189.8971179012699,101.31779867546287,0.10568697073328535,0.1553684279678295,0.08787233901850836,0.09544728680216692,0.011546523782815716,0.006335335398333302,0.06453408740735395,0.09177560135111279,0.11151077889331214,0.059302898285077496,202.84941165513598,236.80845076634665,127.19292885956006,0.032137449846440055,0.06732071996122312,0.04990538747337891,0.0005485228849085281,749.9673468479872
2.0,0.1201925,1587.484541243632,1610.6590073226307,0.9832345037445751,1.0739269771002633,0.9841902919933088,1.104170317464647,0.3158066522784899,0.0,0.180078125,0.9360589718114819,1.359271112677452,1.4571697720286665,1609.0256227844566,1849.413131129318,1412.0460007323697,0.4550270571855708,0.8821847120264362,0.5876752317230494,0.9965890449691901,753.0675273377038,0.1118594226864684,458.3208910995069,206.41896997416262,0.2378285443692593,0.2304588251872936,0.09117802626525208,0.10682228016600866,0.023577343599707243,0.0,0.09860003322887055,0.1042575314467253,0.11745885367374537,0.07098394198089554,327.8639505744865,452.57423674207166,201.51152559449244,0.02691533537421588,0.29041647194802955,0.07085897340065406,0.0003126923445953608,549.6329270924589
2.0,0.11824000000000001,1597.07301958518,1612.936031913178,0.9878474341389092,1.0707329169505109,0.9789485149719889,1.0963730307360795,0.316101004144052,0.0001875,0.18003125,0.9325212887501304,1.3449285476217077,1.4471405459626323,1609.248344669952,1849.8798688688978,1416.8392371189589,0.46961920112603983,0.9021502407385512,0.5873945902149235,0.9966943562356323,744.338951439654,0.1096500679434354,456.07647722791177,202.69340390100953,0.23753689395929176,0.2215752319267294,0.08269258405842196,0.09776705129813894,0.022675574886461103,0.003745309566644658,0.09782237869443526,0.09642943337659965,0.10893054161955565,0.07696986914213312,324.84770852894064,446.78538395817475,203.40901347205153,0.033141319610030535,0.28320061890125364,0.06771873032373008,0.0002216554381975513,539.8202843432358
2.0,0.11689500000000001,1591.2627897404861,1616.0419541897606,0.9826990991450835,1.0904575336193707,1.002762555542826,1.1223692145432156,0.31459112033568315,0.0,0.18256250000000002,0.9560923664458701,1.3751139900842961,1.4464248480547683,1617.1612108516388,1849.304401911114,1417.6196473026828,0.46691449879573727,0.8561754928137506,0.5911941553092102,0.9965653501804312,807.6197883239736,0.10804956721338589,443.3765591753873,199.55931010247065,0.23092867484080132,0.2219967691861484,0.09190950228146315,0.10939202319409527,0.0217879952231821,0.0,0.09579863728806376,0.11505328131630244,0.11012638651839524,0.08782358256510966,325.958512360104,439.8662646165329,203.82019007555107,0.029012759399273134,0.2695580529423404,0.06780452855428984,0.0003896667619328019,543.424371394273
6.0,0.072975,1517.1534943184438,1717.5470291453921,0.88354625752733,1.4158132355090602,1.4771984797599933,1.6042727940034995,0.2953067614321258,0.0020625,0.441078125,1.3610230547865445,1.9701840428274016,1.4484205533150958,1712.9826662673681,1781.8291644452777,1351.2133472757175,0.45484151660978417,0.3024779239380677,0.7345924169179233,0.9961414473865847,2845.1220387011776,0.023935107582795594,93.75817250539058,44.145743065043796,0.053488508617466325,0.07575633238964147,0.05855936182018034,0.06246189618440736,0.010231540267272347,0.011032799112192697,0.03897352053297694,0.05646857597281023,0.09003432485227467,0.05649268067912982,94.84509334274976,104.07239409185496,57.1662826537336,0.014914324533851699,0.030461046255176198,0.034863940957643495,0.0003440215378237059,680.550974699802
2.0,0.12080500000000001,1586.0804491245042,1609.6409841790758,0.9831750192379808,1.0900152197203363,0.9998397919343214,1.1204316065848936,0.31647639750103457,1.5625e-05,0.18651562500000002,0.9519607386762943,1.3762133400027738,1.4515155748232627,1607.940048837013,1841.7983759498668,1411.4061278704298,0.45999168129504026,0.852831316617945,0.5962709677409201,0.9965395916076732,764.5007438053232,0.11217077148259255,452.3238675676128,207.2427314646887,0.23457825063525098,0.22956839761507278,0.08536508210042483,0.10306502631424139,0.02180857605420869,0.00031210913055372156,0.10157695930726306,0.10369870389000725,0.11197749088102889,0.08109679021348351,329.15575130521165,449.37579002487087,204.87546087302232,0.04517942926236643,0.2671985514645635,0.06992698190165975,0.0002984863642518646,548.0672412612971
12.0,0.07613499999999998,1501.1869205381267,1714.3839711980265,0.8758266675511349,1.4216662712803925,1.4857803998898225,1.6259397379910536,0.3029335975969347,0.004921875000000001,0.483359375,1.376132156475494,2.0013636169929017,1.4553989500776805,1715.9759565928973,1778.3045759403922,1331.5773615340263,0.45401732098213854,0.2964705456208733,0.751264783339629,0.9972675771270707,2527.8035630632803,0.024314949619524184,91.6864223245567,39.57856911751437,0.052742878143276384,0.06417335742813708,0.06022200202750485,0.06729241288355829,0.010866581857315306,0.016402343284859483,0.04091416021207542,0.061858757279526666,0.09536819762612145,0.0604132206622267,81.86279331233307,89.68680348174333,55.5075744190885,0.015201953880704302,0.02974538392783345,0.033813678830166345,0.0003156540591236815,442.5395174031994
6.0,0.0721025,1501.0990376871725,1714.2946225642395,0.875911368541737,1.40514377604661,1.4761502686919368,1.6061127313088759,0.29593452239612533,0.00140625,0.443953125,1.3568510635017683,1.9817208139646143,1.4616633294606591,1715.15182581705,1784.024726388739,1342.1266020225385,0.4862107620868835,0.2976366683662857,0.7612385242737065,0.9965009394840859,3140.917597299014,0.021805091005313398,89.63016437644632,40.491939792196646,0.05295410662074834,0.07342210513866836,0.05739399890017617,0.06144023278970926,0.010502040094686634,0.008837453588987045,0.03776802329993423,0.0575213062883512,0.08951122415092004,0.062106682840761505,89.68295401477403,98.87523186855596,54.751131870687125,0.013412985503451828,0.03132545040350228,0.03870074970486209,0.00038024672805802895,722.6151139003026
3.0,0.0805125,1535.683329670605,1703.4812081547286,0.9026269370224074,1.341805329824798,1.3751429158535535,1.4904114752501414,0.28892396108217755,0.0007656249999999999,0.332921875,1.2615305676165074,1.8366583795780622,1.4577009696806449,1698.8609285831556,1796.3475779610628,1391.005578893417,0.4938289748417069,0.38152098122793004,0.7087815872001544,0.9947361738191748,2364.496751115327,0.053256077998196594,182.5109542164006,100.8188222992999,0.10300574464750514,0.14865105936779333,0.09767242209028285,0.10431722292779975,0.013419823783019688,0.005367341018546801,0.06323657952668198,0.0948297583417104,0.1273107602335742,0.057754869385994105,192.8196291526879,225.24951653626357,121.58470967725373,0.046482182196924786,0.08223118297687891,0.04411951663010018,0.0004976742030631839,806.7963504693994
12.0,0.07519499999999998,1525.1340131805237,1711.0858384783764,0.8914475591175974,1.413708524054239,1.4511935950147705,1.588484554405489,0.3042346461366682,0.004546875000000001,0.4860781249999999,1.3476284511654109,1.9512335717610454,1.4493393800628718,1708.1607435941885,1771.5218071909371,1348.5188340201037,0.35047619149751186,0.32490680107425957,0.7501144864228567,0.9970811952608023,2363.291671622571,0.026652898060060923,92.11459612398194,42.74973192895743,0.05109334337642338,0.06164875674320312,0.06348650053339801,0.06913386124247053,0.011702878938834437,0.016462841385507396,0.0397309033088146,0.0664016698398596,0.09359477137808572,0.06268576475182655,80.10846002473492,87.68527513480939,54.2144314836229,0.04713455783340765,0.03914328874711005,0.032221691424275035,0.00023168249236518973,486.929507775053
6.0,0.07107999999999999,1525.7773856186907,1718.757981137649,0.8879787836372932,1.411364369384309,1.4607907559163607,1.5911757559664415,0.2935589693506,0.000953125,0.44292187499999996,1.3467000782758647,1.9591226210510926,1.4558179852436717,1718.9445972339565,1786.2177182349626,1360.0987872928952,0.41865869547373946,0.3132575554391803,0.7355846227187516,0.9962216738167976,2975.3151980979683,0.022175630768931896,82.84652777393912,41.45184090513928,0.048185011637259745,0.0671552739070585,0.06083595364978559,0.06274338985170123,0.009951067125592744,0.006231985757715996,0.03822984750472299,0.05890311544391803,0.0862670195019378,0.056475284593712496,82.4848932546585,89.97965099128965,54.665590341503176,0.01491065007638774,0.033746419721821186,0.03066563771193056,0.00033203595648371363,541.8462940755229
2.0,0.11887249999999999,1588.3528808049496,1611.5914464769587,0.9837630473248402,1.1010714093464915,1.0100455196926954,1.1320273866237205,0.3162511698590039,4.6875e-05,0.18814062499999998,0.9623541258411253,1.3904121600966926,1.4510478983426651,1611.3799990554935,1842.9192094735006,1414.3797746509063,0.4574025054769572,0.8302980953602281,0.6029028733204008,0.9964770117007024,801.541999746061,0.11004978983964486,451.1515307357243,204.88421403451792,0.23524319278639302,0.23308851270734204,0.09968181210147746,0.11430230738874715,0.022532145686968156,0.0009363273916611644,0.09968838043302426,0.11358951615630256,0.12102990913875687,0.07461682766178086,329.2881315886716,448.26613595642897,206.8721542855377,0.028193591160946267,0.27648914671972863,0.07374214466838759,0.0003746425619098701,552.6207062326804
12.0,0.07618249999999999,1523.551326232665,1712.3170671351543,0.8899002318532907,1.4170098859864737,1.4587513268643963,1.5943200744600516,0.30378125845811615,0.004296875,0.4865781250000001,1.3520967712089018,1.9588351460616138,1.4499526369922784,1713.0824708726175,1776.6772665675576,1345.2275709490336,0.36803138300152527,0.3220821076042985,0.7489109126615042,0.9971746087798047,2717.2390899285224,0.027120641470105372,89.89329543539323,43.267734495110986,0.049961431357586586,0.06746197601341702,0.05641273224555385,0.06367007391586002,0.010537097401733012,0.017342870191648645,0.042015038114160685,0.061012473433027334,0.08738373046484256,0.05836601964829998,84.95393044554241,92.76703080398703,54.67162565151343,0.023999635749899287,0.03493487359644452,0.03152219674749831,0.00023976467727857272,390.58336913945357
3.0,0.08111250000000002,1529.7709981948644,1701.9083461887685,0.8999314145070977,1.339452971386319,1.376845656256288,1.4928164821016816,0.290303101540407,0.001125,0.32934374999999994,1.2635042076667837,1.838936594310336,1.457325856929212,1700.164889410443,1798.8511153170825,1385.7115622004378,0.506202614960414,0.37852736009449833,0.7196651503324796,0.9946898736982688,2128.627848903864,0.05225236687222885,188.39662132228523,98.06373661121286,0.10676761651022673,0.14635997664790787,0.08938850701830542,0.09661900666673315,0.012701322634349626,0.008143248737451167,0.06343887775597469,0.0902292939270983,0.1171852562101926,0.058444798977371926,192.19424300728562,222.43026885806165,121.16756103524861,0.0305734974685254,0.06979587645370097,0.04512498557226104,0.0006102668273956075,579.1192781281455
12.0,0.076,1522.092637072228,1715.0629020780314,0.8876324223819059,1.4291988258025434,1.4743811785826546,1.6126931524780455,0.30280034938470135,0.005171875,0.48665625000000007,1.3681945179562307,1.9806428349272103,1.4486829135890036,1716.40271516854,1781.1147617729982,1346.841657896919,0.3789351144711565,0.30535204538847727,0.7431944616872326,0.9970141112728317,2709.876767953572,0.024320567427590978,92.90925931494267,40.562525514207906,0.0524537055048687,0.06379764067388204,0.05867387979808863,0.0662324487077764,0.011996211825314441,0.015184726791561808,0.04467188319779568,0.06032444006070324,0.09601806849499495,0.06254306373863056,85.52918836453583,94.05922905770308,56.27548415542713,0.010981072781056783,0.03147073407624992,0.03412423843017922,0.0002699966978270708,496.89759604260877
6.0,0.072865,1518.3845680275053,1718.057514065681,0.884151362236882,1.4070543663053547,1.4671602239044277,1.5941123877418448,0.2942924246646483,0.001890625,0.4338906249999999,1.351352968874079,1.9598706566480453,1.4516087867758223,1715.8763610840426,1785.4923895192996,1348.7493912058787,0.48803160175525506,0.3089947412626099,0.7347995671904308,0.9963479972847642,3382.3317023170835,0.025836152480584237,103.02721347155116,46.41707585036383,0.060733727151627684,0.0814629333531441,0.06847407127958387,0.07170790655863328,0.010067891398572294,0.009408261309050413,0.038749492814221125,0.06763062937751935,0.09865029947532818,0.06218440089087753,107.76778730065763,115.60297381594916,60.012813160945996,0.016625058084044027,0.0381948965250073,0.04334192829665687,0.00032283031829959715,1020.9026058271411
3.0,0.08332,1519.7927744994686,1701.1219183375301,0.8944087716815378,1.3365447516924371,1.3837440579056983,1.497364327180913,0.28740420524989124,0.00048437499999999994,0.32662499999999994,1.266200385761678,1.8461206758653412,1.4604703707165243,1699.9979791192256,1797.9173887623745,1382.8884267353337,0.5130853220733828,0.3732553761894632,0.7042007594175574,0.9952256847946661,2041.6114843591088,0.0568666211410525,191.86137504911838,105.7665402455098,0.10625704673144672,0.1576881130628208,0.08654929995328797,0.09600141103543637,0.01386399010476806,0.0044038945388570555,0.06605141226726344,0.0930910379327974,0.10989299944266494,0.05771930668369122,202.72085055070607,234.94521360488633,126.40807763805941,0.01969946347684934,0.06664805473555566,0.04819538075845155,0.0005783541141039692,718.1850578469474
12.0,0.07653499999999999,1532.026627566964,1708.314504395469,0.8970951230306852,1.424020257571653,1.4482154088876507,1.590574611229171,0.30646706537483726,0.00571875,0.489265625,1.3489619986451264,1.9539190968503106,1.4495903407370412,1709.0637297758408,1774.6129228239352,1347.6850673047402,0.3742998002432438,0.32257344623845696,0.7689578948316871,0.9973006003100225,2724.617654303494,0.027553380464110013,99.72503446590298,43.843580949426496,0.05819786229264834,0.06911587790982271,0.06869864063097388,0.07410900017593013,0.012488523796334224,0.01966295593082332,0.043065037003459955,0.0683582990403196,0.09955414683606137,0.05797368917989829,94.25125246463364,102.23656875047841,57.35944818055109,0.019431692943933095,0.038980959378030804,0.04147615419558493,0.00012887505842287307,444.9123720746044
6.0,0.07141499999999999,1510.882839436007,1718.7214451085192,0.8791882007706129,1.4076530647693921,1.472440275605234,1.6027908839020941,0.2954511197576143,0.0014531250000000002,0.440953125,1.3590630567955428,1.9694677623111305,1.4504155512608474,1720.298402826169,1788.9106387732709,1345.3546303900753,0.4903652650035394,0.3034276993274957,0.7384089238573252,0.9963342601388195,3480.0412257573353,0.02131895342177939,92.46285461814531,39.639796948121706,0.05184069758822195,0.07231064640010725,0.0569890818612131,0.05717384493618439,0.011567575329543263,0.007094352259676355,0.03803639486050663,0.05631289856629932,0.08112804143251146,0.06081958369391743,94.59356334725388,102.84505146317217,55.11195030215861,0.0133478627357678,0.03295059970587291,0.03435099847893186,0.0002934731713940375,552.3572686946219
12.0,0.07252249999999999,1523.0214444606734,1714.5482282665037,0.8884262706779457,1.4160531411774127,1.4610181229288213,1.5957695937817595,0.30355722262535406,0.0019218750000000002,0.49534374999999997,1.3519240743228826,1.9629339813062285,1.4531410050607336,1713.5281706954836,1775.5209577419132,1350.463316611819,0.31752213784424965,0.3191673425487769,0.7483496391615612,0.9967505751406995,2367.4304017301492,0.02156048454348833,86.72200011028266,38.834116713579995,0.048969302173129135,0.06500257766616649,0.05483404374983585,0.0601408874568731,0.010804983800438598,0.00897684467028226,0.03864904945063333,0.05610155742704832,0.08997594652024729,0.06529212060855002,83.4473406358546,91.70526384059987,54.0899313412305,0.008589105694656988,0.03142699477990602,0.032887731612185375,0.00024841238401499346,585.137599503372
6.0,0.07420249999999999,1516.3165963846934,1714.9465506527883,0.8844343110292111,1.4095295001453991,1.4688536022587084,1.5957015233044087,0.29646224760200196,0.002390625,0.44035937500000005,1.3513268237739169,1.9638308200025016,1.4546271617507074,1716.8044486283889,1786.7248709490561,1349.6679432335095,0.45081799996433203,0.30924625594109467,0.7380636088643128,0.9963989255539442,2988.518886283649,0.027469919798754402,100.20954842098823,49.948552447068046,0.05648194374696333,0.0798222654159782,0.062351696948010224,0.06486302505107809,0.01095134408830929,0.011234700968845365,0.038837197129290554,0.06277945822113992,0.08671202204937307,0.05933707431622614,102.72477768410481,113.10141948302491,62.04478205441018,0.012976972920591696,0.03359586550690399,0.03371894944012964,0.0002771649603523231,614.6613508392687
6.0,0.07062749999999998,1502.8251222719687,1721.9499886648837,0.8728576621742589,1.4069508620488114,1.4911541804010762,1.6132385490998815,0.29053916431234905,0.00059375,0.44171875,1.367020665473918,1.9842542838006059,1.452655079583804,1723.7510089636576,1789.2945809055955,1346.1922593790596,0.46757861473212226,0.29694614357960497,0.7335542430612944,0.9962032309540396,3220.861809881253,0.018798902727287015,75.58925397342406,34.45551112967451,0.04269741927864234,0.05843780598349937,0.050058243154119164,0.05084006793461102,0.00901980664523255,0.004079172518722394,0.03534118027793497,0.05122527300359476,0.07165482066844091,0.055606730581523864,85.60204480954597,94.39869641726715,50.294643361876986,0.01107327634039096,0.02585462967859425,0.03539996814096205,0.00031966313228093407,653.2092217997082
2.0,0.119225,1596.7138137902505,1613.8485437087709,0.9872565308564841,1.082598864376794,0.9922204107417574,1.1099297572794848,0.31521677147252203,0.0,0.185078125,0.945415673156761,1.3597418209902963,1.4432936857280543,1613.5768777002343,1850.283615987756,1419.2737385997152,0.4308966494563012,0.8754079665860383,0.5821343459768985,0.996804019184421,792.4120894380567,0.10916633810383125,452.0902072873602,202.49581814547787,0.23599611037036525,0.2229442962522218,0.09324446045195352,0.10940460942250824,0.021594328924623752,0.0,0.0982527718577668,0.10625482523366504,0.12197387118592992,0.07323109192911852,325.2335254589216,446.04055668667513,203.7895220645642,0.03530598981141144,0.28828012553950544,0.0693034178045446,0.00033940443534237236,546.1738019444848
12.0,0.07633999999999999,1556.7548973074577,1706.465769989226,0.9125155946724157,1.427677429882965,1.425238631869726,1.5676273971055152,0.30627030287305446,0.004687500000000001,0.490859375,1.331188359080812,1.9231031797148916,1.4455542097191258,1706.5245916096499,1770.9857060392274,1366.6854988036343,0.2722015896738067,0.33914442692893604,0.761569525209894,0.9969016848888586,2554.5437774754105,0.025386795780483987,102.38422571733379,43.076651288529206,0.05945507909383348,0.070107843999971,0.07156801933752781,0.07281842051132828,0.013641997872535203,0.017702511297835684,0.042842641647771615,0.06513844719602277,0.10117704045149835,0.05867939079982615,91.54879068500784,99.75319853326016,59.0367516324727,0.01325339724587628,0.04061925467664441,0.03665141891155912,0.0002251935995305364,567.9539064514936
3.0,0.08847250000000001,1549.4402202459519,1687.488373245587,0.9196361102525801,1.3337701146412213,1.3369283335048658,1.4568790720887193,0.2951711601068794,0.002265625,0.32346874999999997,1.236723881196329,1.7892039083781381,1.4491538970742994,1683.8533626328986,1791.3864182011964,1393.9950169524977,0.4745901144598467,0.4129569408193602,0.710698085563152,0.9945102914667473,2096.27294554925,0.06061430725290853,224.85436441801585,112.89236443811804,0.1280690155922468,0.17387901814292814,0.11400160332548696,0.12234878339605942,0.014449842058715722,0.01449150310041629,0.06663361078267858,0.11287136801626309,0.14543680260286465,0.06132297487161692,225.44832959262396,263.60361469071836,140.3808147981755,0.06983147207413645,0.10141212195707533,0.05203424978341476,0.0005279612055303985,580.6142816209227
6.0,0.0700875,1508.6367814535997,1721.272330263374,0.8765879817812682,1.4125855912752308,1.4875170654929875,1.6130025043156844,0.293417126777965,0.0007343749999999999,0.44043750000000004,1.3676883465473682,1.9825104528979947,1.45064040177244,1719.8661886452733,1788.4124037396139,1346.72139178461,0.4875867732040963,0.296283736828222,0.7339472992942313,0.9962290443147862,3807.9229785426937,0.018169888380229503,73.34275224914376,34.71584888026162,0.041466637408664575,0.05506148104809767,0.05198734908189353,0.05537841431116053,0.010185088629814477,0.004876176740990322,0.038080968425842326,0.05351600811649734,0.07998913638609839,0.058182897679208256,76.460529867165,85.16042503929901,50.82282493219077,0.013526050469644372,0.03114456368897414,0.031525552433290416,0.0004801425807804859,882.2477465093582
3.0,0.078515,1531.8717230062634,1703.8477124059195,0.8999713504222819,1.3423703944126233,1.372467362644714,1.4949527784194572,0.2902705557874198,0.00020312500000000002,0.3339375,1.260423512906752,1.8481411498730642,1.4684604058813633,1701.3111348499788,1800.4347073842946,1388.8434856592771,0.5027673137954716,0.3760816903636989,0.7415002728533611,0.9950576588712399,2329.2421748372144,0.05013661112400797,172.89956445735083,93.24850033172639,0.09705710271173534,0.1385603280077191,0.08454653003762452,0.09055546719556444,0.013353526789743959,0.00405741869719838,0.060475040047527046,0.08657318034116109,0.1076205995427387,0.059842476805372136,180.78496660070127,211.7293184830207,112.7656669533898,0.028759691606065545,0.0652799799735316,0.04836968138235322,0.0006812653458356894,480.79784193567605
6.0,0.0727675,1523.030237178845,1716.2983438231395,0.8876153068699253,1.4158624734992826,1.4678845756609393,1.5975013260573225,0.29633594646690575,0.002015625,0.43987499999999996,1.3544720080234842,1.9640621632726283,1.4511531915634168,1716.8708344149907,1786.6556729509625,1355.4445529654822,0.4527455040988424,0.30990372949935874,0.7379430802000787,0.9962411769362223,3173.546490239649,0.025833475254986485,97.28396514610317,46.127131319764445,0.05510849823836996,0.07476993361468658,0.0649644641110243,0.07004773607931372,0.010715543286528396,0.011238698750717318,0.04072372619247899,0.06531567354006068,0.09232227615932853,0.05463180553960631,96.79972884559099,106.4221930115948,57.93516765224416,0.013454824843770715,0.03417214676452776,0.03306229471551189,0.00035758624999493314,701.7089013468488
2.0,0.12076250000000002,1592.2148200306704,1607.2381399203784,0.9883014908803637,1.0724161268886607,0.9772957852593401,1.0973145822750485,0.31761492556282805,0.0,0.179375,0.9322225301040078,1.3479855092228403,1.4521089730211918,1605.6679414020357,1846.687911560015,1412.94326396331,0.46326602222207613,0.900996397593661,0.5967819623216655,0.9964828365769364,786.2949885592525,0.11153802532656744,453.46280019564824,206.1685525804028,0.2351239625889297,0.22292205929043465,0.08787097539680196,0.10377793811415457,0.02249121797352304,0.0,0.09687096765801403,0.10380166563951387,0.11209626944798164,0.08194612864729121,324.7407726339,447.8688552922741,203.3323491507896,0.0221755822195239,0.28328806203100365,0.06766240179207239,0.00030296127000005826,554.4783122031689
3.0,0.08229500000000002,1535.0610843798559,1697.9597471917798,0.9049612154170791,1.3276010783174388,1.357268819077109,1.4706948293272115,0.29025189136022667,0.00075,0.32337499999999997,1.2478507396933523,1.8070443062084285,1.4500321128140408,1701.5741513329333,1802.6272701097985,1392.123756572996,0.4945211578177299,0.3973431625107504,0.7153177474089008,0.994687311215809,2480.744337401655,0.0554772293378103,197.43291402203783,102.45314116997041,0.10953938568974293,0.15526992058834124,0.08579426350412177,0.09426440587383252,0.012844394516544469,0.00645174395028197,0.06512979828772696,0.08809064079162775,0.11314304531574472,0.057607132462932545,204.1910803963466,238.81708560407955,126.56184992394623,0.029958992378595093,0.07228066173740287,0.048410015815532684,0.00048353936315160694,1131.1232551358594
6.0,0.071735,1498.2997794839348,1720.609897506308,0.8711106531404195,1.4142308930918426,1.4931080765520794,1.6255623221192126,0.29515157490879235,0.002203125,0.443078125,1.3737384564414696,2.0045739741952495,1.46034180370966,1719.834295416775,1786.8050907208462,1338.7281001342076,0.5033750347979487,0.2893002703523836,0.7466601099263691,0.9963714203362736,3161.3675742620603,0.02293849984196872,92.68156250974333,41.754036983248774,0.054713958464370396,0.07511785517973016,0.06094459460505462,0.06205584418270714,0.01128553897110305,0.010885131326004983,0.03709991984808559,0.058973178974441785,0.08581961815502548,0.05718222622627058,93.28593758964654,101.56213244659004,53.90076987179325,0.025537811286869758,0.03367105492728512,0.039444372688978345,0.00031328361552908975,635.6456834669414
3.0,0.0774625,1518.294000357783,1712.3256881610596,0.8876020557406601,1.3544440814927226,1.4152009353703818,1.5294954299722874,0.2866899436113276,0.00053125,0.340796875,1.2940972255428898,1.8842390523845816,1.4574428309096945,1708.383911737218,1800.894518411315,1378.829514602024,0.5170574965091635,0.3521302631717167,0.70972479338113,0.9945280419952031,2539.8478106621724,0.046454155828623125,158.99682706675577,86.72504559923466,0.09045423897855115,0.1307915617475813,0.09136717720302891,0.09472012956908055,0.013189151404056179,0.004771231333471478,0.05756933447143866,0.08611448959794249,0.11742792225980767,0.05441171897752509,170.4442053744475,196.49550999609804,105.43387313425015,0.047744844272397516,0.07123531238942296,0.04207289246029826,0.0006302294240765356,751.6472937508835
2.0,0.1203675,1582.859802381362,1612.6745124291497,0.9794536082715826,1.0837096535106583,1.0023999831685444,1.1198568360537282,0.31544674425569386,6.25e-05,0.18459375,0.9519740031385229,1.3749216665474395,1.4498825291344268,1612.8462456412622,1844.909779405739,1410.4070962079027,0.4680343040914084,0.8636496553738984,0.5882204397323428,0.9965309377251568,770.3964758773348,0.1122769675567968,456.09849707448006,207.81688859322514,0.237408215198683,0.228669256372587,0.09698957492768046,0.1119698012068387,0.02318649450358358,0.0009862333648787188,0.09785966813982919,0.10974247109630177,0.12217168380838779,0.07511347347449418,332.7070623596636,452.08503695032215,206.71794556962334,0.021328459166737368,0.28422589591017616,0.06930138370982392,0.00026764109645692816,552.7420018295219
2.0,0.1212425,1591.8448923222716,1610.7332650999388,0.9855955492499695,1.0616495058439386,0.9737567585562268,1.0906643308759394,0.3154539089966197,0.0,0.17901562499999998,0.9265051881862257,1.3395691016756046,1.45048205796106,1612.0219655704525,1852.8037020875531,1414.3799997012527,0.44138283608907164,0.9071277679009586,0.579973017074428,0.9968242055692224,758.4143454948368,0.11215484248907846,467.9509628176549,208.14274572372008,0.24298277288527542,0.2224969806429324,0.08135483323244243,0.09866968225439633,0.021769300026689482,0.0,0.09696058593371522,0.09630704291352024,0.10986566595304667,0.07289136898732276,331.62797965162923,456.77141625054793,206.15350930989626,0.020342042033389268,0.2824329103110024,0.0668964799565137,0.00022752975101576279,550.0884109676996
3.0,0.08138999999999999,1537.6901057131172,1698.7419228281115,0.9063238643132128,1.3450629998252828,1.3676415054993223,1.4880306939991612,0.2900915655869295,0.00103125,0.32737499999999997,1.2597297794941438,1.832831134684052,1.4568309346036,1696.8865463679829,1795.5474697867512,1389.4457076053077,0.5172279845775553,0.380642749351306,0.7267274008137028,0.9947514249380061,2666.9630462611954,0.05194846388489269,183.7494004224825,97.08957962773214,0.10459686066398512,0.14856706132759057,0.09439174555558841,0.1004621541394036,0.014092592994501506,0.006811568170216021,0.0616981690368523,0.09280583757819064,0.12207139556210811,0.05872295529210768,188.86773370244217,219.3902499036,117.99898846589707,0.03768319362929637,0.07514757825503289,0.04838455147719873,0.0005859439915970109,819.1736567288259
3.0,0.080685,1527.8667548746014,1703.0784826955276,0.8979884174390897,1.344906542095161,1.384519587112888,1.5005731350578173,0.2882770597085747,0.001,0.32984375,1.2702836260512647,1.8476501439855457,1.4565142860986333,1700.4650844356804,1798.3345593013762,1388.5649804742166,0.5179259451499759,0.3663418511638008,0.7218475283973319,0.9948127139705298,2530.1729120452856,0.05215271589284684,180.69000604601786,97.29736207099529,0.10036259800526498,0.14824117052639055,0.08246647307449394,0.09144567749064977,0.012496235914795819,0.0065084080234724066,0.06054742943294538,0.08699082035582158,0.10738390824573146,0.0552091125952492,192.82484793243833,225.11181933067294,122.37992216164949,0.030372258248659727,0.06467396567368669,0.04555073634588075,0.0004898467107293146,838.9637570543545
12.0,0.07509999999999999,1525.734516445413,1711.9659947458317,0.891449320776495,1.43287381216809,1.4684200555804103,1.609272654497178,0.30432972142045345,0.00434375,0.493375,1.36386716522734,1.9782413366893055,1.4519797352773416,1711.0800147232542,1776.1176876078148,1345.3656850440411,0.3866903347069629,0.30435077210294303,0.7776201701372752,0.9972691205347405,2694.017647418125,0.025507547902532676,85.39491528945426,42.51929130640662,0.04911017262187905,0.0684153859037249,0.057500073567157854,0.0649549057240517,0.010903230773517328,0.015438860010943165,0.041146366030306976,0.06291900759193335,0.09171953206238585,0.06639363079468959,82.74451454131795,89.39262224085812,51.31229101807125,0.011397389072851318,0.03197539255721181,0.03170947346834225,0.00018255989287457047,381.9553964150352
2.0,0.11815000000000002,1588.9944552092645,1615.3608549606759,0.9816461246087397,1.075063307727968,0.99012062101889,1.1072606459390222,0.3148388958833463,0.0,0.18015625,0.9433859987082402,1.3554322878483234,1.4416741646634217,1617.116229064967,1853.9527725464018,1417.421338893175,0.4692424171067758,0.888791064634765,0.5829411368247954,0.9965294380086661,768.6675069770852,0.1099608453041354,446.0470603522938,202.72061017990364,0.23131498828060887,0.22440565964322795,0.09295921334453836,0.11021048730911116,0.02171853647541042,0.0,0.09677401490553908,0.10664567580685463,0.12407053598532937,0.07549490399377333,324.4494799113953,442.78560492844184,204.24818172064658,0.038982170899609016,0.29084589513857667,0.06844493466791539,0.0003262192967015708,535.1803167379533
2.0,0.119535,1590.6804581724996,1609.8080235843786,0.9854021086589612,1.0669557205536728,0.9744776919264615,1.095108845267442,0.31765819727596395,1.5625e-05,0.177375,0.9297483319291926,1.3462085237922508,1.4531497832405207,1613.0653972478183,1853.9425466243065,1419.1968785018375,0.4458369982327925,0.9031496124366748,0.5867575818128412,0.9968340088681893,743.3112064920249,0.11223194186594117,462.09351461745723,208.23281588063858,0.23914813439274402,0.22352635673700313,0.08068938818688304,0.0971786127637842,0.023596678778605173,0.00031210913055372156,0.09722931174548136,0.09715304477280269,0.10538925932071352,0.07483407352277009,327.51171789174657,451.0273625657181,205.15896616559823,0.029271979751744674,0.28789691234323006,0.06915927121646585,0.00022019585446365436,547.4691054174381
3.0,0.07716750000000001,1515.328522527011,1709.7502116698777,0.8872310360401673,1.332478083801877,1.3874660478588725,1.5050264381028797,0.28805123337320415,0.00029687500000000005,0.333890625,1.2705565425798013,1.8596264838810208,1.4651959045159975,1711.4398084110053,1806.5078024619727,1382.4552549209727,0.5309768937755716,0.36823439355881277,0.7200787570343187,0.9949110511190166,2570.035318384952,0.048521123685978246,165.78349078364366,91.42002624480541,0.09368261047513267,0.1334484519912867,0.08595624086784384,0.08819711342225105,0.014211076769000333,0.003828571402543643,0.06107724161550991,0.08156678552263283,0.1094802473293588,0.057586541329459506,175.95597874670565,206.11583728587777,109.15373534350897,0.025558313620659242,0.06486099959441922,0.042740490185177595,0.0005657511785313563,754.8422161195824
2.0,0.11869500000000002,1576.8346930402179,1618.5979183754703,0.9722825860972475,1.089593957891105,1.016863934764527,1.1330784591154675,0.31472895312717175,0.0,0.18471875000000001,0.9634792457167043,1.3887280163560165,1.4467868772601888,1620.7201646542223,1854.5938635563214,1409.6470191650012,0.46661304963318245,0.8381828341722698,0.5889566862270287,0.9965280143630889,746.6483957654169,0.11135073854716906,449.3803996690995,204.93612312710476,0.23395028806681736,0.22672275236752767,0.08206494277800484,0.09887757755689258,0.022050356769060184,0.0,0.0995040386664657,0.09962155947444669,0.10826880764221036,0.08035440512581843,328.3958077482203,448.6101487500842,201.92907525225172,0.019400007747588082,0.2629428003762197,0.0688342078266646,0.0003315607854267944,542.797039735953
12.0,0.0767075,1523.6026435150422,1711.4191396110423,0.8904225739229872,1.427463952927211,1.4673823734333158,1.6055745025780817,0.30493634853940355,0.00503125,0.48673437500000005,1.359307994549339,1.9755786434261962,1.4546155786635189,1708.6840138589096,1771.8235211768167,1347.0699234291433,0.3772629420333054,0.312125030410021,0.7588481018669502,0.997034849066926,2547.915632494231,0.025915669849533106,97.22578676084088,43.479235993672035,0.054971442028332866,0.07191697031322514,0.06136238239492763,0.06721203180006755,0.010289102236649292,0.01730017047423233,0.04182015706700986,0.06352184213735183,0.09069412937532192,0.05894345609528671,87.82569104583567,95.8225214868448,60.31631708142219,0.0511626224823508,0.03228478409261712,0.03799892508181211,0.00023735706879654983,464.8161868440444
2.0,0.11886000000000001,1590.1354692321825,1613.5712566210805,0.9827793855757934,1.0901768600330841,0.9996171082691246,1.1222112827441573,0.31853063711238755,0.0,0.186328125,0.9533509323647832,1.3782888730446574,1.4518819239839253,1614.2250702285842,1851.19736824331,1412.4792500798776,0.453940311465735,0.8538848746555822,0.5866076184201936,0.9965690940259117,778.1139765566055,0.11164616159994037,464.33169705541565,206.8658607797925,0.24044120871548388,0.23077052578028132,0.08511221107016557,0.10173014858779217,0.024220337950606973,0.0,0.09929386305424104,0.1035184731119595,0.1082136025724968,0.08081241001678753,333.37868041118475,454.1931807547127,203.90437582169943,0.030356060112478753,0.27542809727710515,0.06902854950385534,0.00025425928212097584,564.986598328419
6.0,0.0722525,1508.2932922531138,1717.1969749051275,0.8785619313998371,1.422897913190621,1.4910683446998205,1.6207748469343561,0.2949588811298725,0.001671875,0.444609375,1.3703063385649914,1.9993066689802037,1.4602431266663132,1719.2008994132584,1787.0251677263084,1349.0407931676343,0.4849175467805307,0.2909444620779034,0.7383469820405513,0.996419303661085,3297.5646571024017,0.022656097275347294,84.86665243033964,42.15320122236915,0.04850725180104073,0.0741560906608409,0.05312451698783906,0.05492022216046608,0.009660514618234082,0.008006207918507674,0.038170359159423364,0.05486828082872513,0.0764544049314764,0.05707568535083183,88.78303568886723,96.1476331097712,56.181443708697394,0.011794284045783658,0.027999750772917744,0.03219365772968451,0.0003029743505343354,762.5686822212717
2.0,0.118,1577.3594523882248,1617.5393208075527,0.9732187708701001,1.1158970043364358,1.0377823184052375,1.15802658247994,0.3138178297188133,0.0,0.19084375,0.9852180007001039,1.4196128524056757,1.4459723820857258,1616.6360150897829,1841.3283518554642,1409.6178817705827,0.47667727907020635,0.7922257172846204,0.6008250514424437,0.9962655128114712,772.7825807891844,0.10920393765794345,437.79528651262024,201.5722893783741,0.226986325647462,0.22908997603878645,0.0864486459895119,0.10251081890134318,0.022146139605572032,0.0,0.09798133890408672,0.10237006381947508,0.11145612193600418,0.07419389670087954,325.53536389981093,440.58515961787975,204.24762467390582,0.029975331727542714,0.24792853020256364,0.06907485556703515,0.00042161405294707376,537.6007656528657
6.0,0.0720625,1496.4998503596144,1720.7578885367536,0.869902968079177,1.4097633315618157,1.4897342910746836,1.6223330281874455,0.29382390456632285,0.0013124999999999999,0.4470156249999999,1.3705189010213565,2.001517199203744,1.4617372436622915,1721.88658415251,1788.8449728518212,1340.6822652635738,0.4952774829428087,0.2904657256930146,0.740250996615095,0.9966276942445776,2933.5998004206735,0.023283010839451133,86.24445000264537,42.684064434967965,0.049482124552822804,0.07382143952038267,0.06154192039995266,0.06623598517324766,0.010826119499949187,0.007695118176480463,0.03886801271108898,0.06289368897751635,0.09383278765177903,0.06392862441148175,93.71356703463732,102.87313447558552,56.744908554736064,0.013317752786018733,0.030696524161741807,0.03424885418721722,0.0003120839229648719,546.6180741991554
6.0,0.07214000000000001,1516.21337651239,1718.2649303544654,0.882679565287227,1.4093449234431141,1.4723647831514335,1.5985991210572925,0.29342639154414646,0.0016875000000000002,0.437765625,1.3535849321702573,1.9674490155714848,1.4548008093429632,1715.309309210662,1785.4395931795568,1352.7688986517524,0.4716749119840605,0.3010388761849861,0.7557231576206676,0.9963262680422434,3203.4848733901476,0.02553429850221069,90.141432471967,46.22265520554716,0.05156898614421043,0.07398834166546663,0.06070144982950466,0.06723745214815904,0.010783711600316446,0.009786989130984055,0.038004776503873496,0.06483519363528199,0.08817922453620382,0.056165954913578654,94.5046746626076,105.36279664420901,55.90017536637734,0.018284188245909352,0.0363191352424466,0.0330984094643798,0.00032863568362007784,464.4001868755915
12.0,0.07390749999999999,1506.2661533782575,1715.16524824329,0.8783681653331584,1.413859587726841,1.468052750604005,1.6114182082086435,0.304545798060949,0.0032656250000000003,0.4885312500000001,1.3624441572928294,1.9864109131740815,1.4593217100283438,1716.6041514876817,1778.384750987006,1336.4745177633938,0.37238741018090693,0.3086784508765879,0.7349610825531246,0.9969303710042148,2330.5328407638426,0.023852126608543717,81.53751383560515,39.92000812180394,0.046048447379697745,0.061591108848251,0.05990638169355052,0.0590514591186948,0.011500455841045646,0.013834250055907441,0.03921235007542267,0.05784420336546123,0.08465315202749732,0.0632382646304418,80.2032523948133,87.67916296819654,54.22803237083417,0.039293310929540304,0.028710817098661873,0.02566047408108931,0.00030843572778343646,341.16288229314165
3.0,0.08419750000000001,1527.603866664145,1696.3817330320503,0.9015510976469853,1.3351175562925712,1.3672815975876296,1.4856851648567329,0.2904156155474305,0.000546875,0.32673437499999997,1.2573240276386042,1.8303701706643372,1.4578651629704729,1695.4868494697014,1797.1913532362598,1383.850662986468,0.5130636768970287,0.3880031353612712,0.7072855231544816,0.9945906798066005,2120.110514479817,0.05818121254967105,207.58310644438743,108.77141834935995,0.1153320540713729,0.15918413864328532,0.09388074524164282,0.1009001738881786,0.012125767149267674,0.004592128753026749,0.0670428657622075,0.0944942826379028,0.1193506845880482,0.05698136796574211,211.64964010722858,247.99483846605563,133.71941329037014,0.025870274025193412,0.0760348286184148,0.05082132159088744,0.0006447732394296485,609.5948024870557
2.0,0.11915749999999999,1585.6387926891623,1615.5434005928348,0.9791471729073987,1.0976407653390947,1.0138659821454497,1.1332084511235798,0.31456256399058574,0.0,0.18484375,0.9655137273140633,1.3874555500250474,1.4422587252415178,1618.1257969773974,1846.4604067477305,1414.063097731395,0.46160284660799966,0.8371514816407357,0.5901297071756241,0.9965865590405768,804.0942993240742,0.11103367819607707,446.9420240094211,206.0360686249252,0.23000205778518254,0.2258849709277905,0.09174953704977042,0.1075917238102492,0.022452621297464313,0.0,0.09839917408666345,0.10620551505894643,0.11796933925986505,0.07430044161781227,326.78358517938966,442.5282911746166,205.7619219750287,0.03135317619687434,0.2714480569496527,0.0677416889402488,0.0004290384673522581,548.5636266466389
3.0,0.0866,1548.400297166956,1687.338793730942,0.9188943310219471,1.3341514378519668,1.3370218984634175,1.4566805643253016,0.2959177496479247,0.00209375,0.31848437499999993,1.2386804269939118,1.7853274354354036,1.4434004878374327,1692.9981436197734,1797.7985976044154,1393.7305323464848,0.5086833403399015,0.40763294044523646,0.714629917768321,0.9946446825458127,3421.176176893918,0.05823315206993349,206.51267935700176,110.22088036745102,0.11614349632953928,0.1592706114817104,0.0967351518479879,0.1051514783490243,0.01436012335163284,0.010537831771170956,0.0655611873528033,0.09759184920211575,0.12491559203637947,0.057124349887521624,205.31089409345478,238.0024223944602,126.29970965927606,0.029987581123692406,0.08201697925971217,0.049631293289934354,0.0004981239758511233,926.8267863020773
6.0,0.07221499999999999,1502.5617068308356,1715.8964500655452,0.8760039455554397,1.4071910007004664,1.4787129816847813,1.6084494497812443,0.29401882273601215,0.001296875,0.44262500000000005,1.355713088202338,1.9897710369610238,1.4687117638771523,1718.9307256016252,1787.6681602449942,1343.839643194202,0.4809846210204023,0.29510689936787804,0.7541863512168816,0.9964456389034122,3175.120225813279,0.02256166605106988,88.57597105696156,42.99195790047919,0.05256528717409663,0.07463493958818575,0.06384393389956637,0.06786792215965422,0.01074088822079623,0.007233396262087056,0.0363025481199323,0.062329859469133754,0.09387766069615965,0.05715931981228656,95.9857036523564,103.70882539293363,53.94639709976959,0.014464859271264157,0.034563528100114586,0.037388368765299614,0.000379928296658567,819.5731382236854
6.0,0.07296749999999999,1501.5181299398544,1717.7607050265829,0.8744260292323347,1.4118743610148112,1.4881511102226939,1.6166451007691425,0.29495974417500664,0.001734375,0.440390625,1.3699161735591514,1.988734767856239,1.4532879276306079,1718.568078372248,1787.2344027500262,1339.6525569002843,0.49777549711565955,0.29695477947703586,0.73113946362195,0.9961247011019958,3188.113595170183,0.025517767217176333,95.9789196798857,47.427432590679494,0.055484782840916805,0.07970255916971793,0.06064014374443211,0.06564095399785287,0.011444872453583804,0.009197260440445025,0.03864582455918588,0.06466479930727312,0.08820604703794882,0.06329663505217567,103.31381751653169,114.04845934113847,60.732154656205786,0.014708275798896176,0.03361180020077303,0.03270743387701,0.0003387062642449846,639.0860779577099
6.0,0.07265749999999999,1516.3595437152712,1717.6102531374008,0.8830627059545102,1.4136410151914602,1.47579815100145,1.6029530354549042,0.2947380830044142,0.002203125,0.4353125,1.357661159420997,1.9723021781136234,1.4535598742910296,1720.5627024976898,1788.531086548091,1351.4624711516308,0.47805020799584724,0.30432859671427415,0.7363087945074469,0.9956886645733845,3087.5153838902274,0.022153333693825838,90.74084342749265,40.83373387918303,0.052600714990718035,0.06818647043059325,0.058342355179551976,0.06056646760566719,0.010026490372791592,0.011324827106158177,0.03830005915465406,0.05494031003078982,0.08613285509709957,0.05497882303698462,82.63659068439277,89.62693915608061,48.20892081199733,0.01573081577377234,0.0327990129308675,0.02948123559957901,0.0003909738189373941,609.0284760563927
12.0,0.07517499999999999,1531.9509532022958,1712.6514776871961,0.8947450008498753,1.4247214164934863,1.459165360934628,1.5950828895752769,0.3029915166505188,0.004515625,0.485015625,1.3559173923888046,1.9543260105955529,1.442409737153422,1711.7849593569638,1776.2785477789907,1348.4435108131815,0.3732466583180173,0.3192497475558939,0.748542390637594,0.9969332409572925,2735.807543890441,0.023652576498132273,93.63843565566381,40.73666243357141,0.05473543543316899,0.06611354495079227,0.0646552850157325,0.0688282050838561,0.010792302626422619,0.013800325163175505,0.040019279411420874,0.06377615529950212,0.09494979221858159,0.05876635849860378,93.10196635614197,101.24537939846827,56.18067947215336,0.011058323633517818,0.03427662257789274,0.036999315791114096,0.00025315378702683985,650.2011899962052
3.0,0.0779975,1514.6799870587045,1709.4398187471663,0.887019245359516,1.3530633483643362,1.4134983282945444,1.5283760549416059,0.28663801955902307,0.0009375,0.33909374999999997,1.2931698057259433,1.8840769047343366,1.4584080139815994,1714.7812200946503,1805.6087463507274,1382.3319085489577,0.5337331231182764,0.3450027383310959,0.7170609689866866,0.9943438918201357,3107.619021733626,0.04607057079904697,153.7786013714976,86.19864535601069,0.08789350043517512,0.12926833858926656,0.08284908833228752,0.08822783556335692,0.012958611687616781,0.007936515687000182,0.05526921858898948,0.08162038245949764,0.10820931177337038,0.05334005235364417,163.75964510139383,189.4171055260598,101.66932975614944,0.029279068162610482,0.055508884389553585,0.04355462052279876,0.0006202636748782741,773.7059567240357
12.0,0.07564749999999999,1531.491081671245,1713.6543190856348,0.8938316918044944,1.424879229671044,1.458446016252508,1.5966004320367937,0.30240864544743723,0.004593750000000001,0.484640625,1.3543877942418947,1.960772911287786,1.4491444819769268,1711.2950479185613,1773.0474752844968,1353.9247904573367,0.34318677868328556,0.3158672226328953,0.7562689824839458,0.996883113745571,2494.899995554694,0.026164446177016618,96.21727966590339,41.2990897380806,0.05423748311188397,0.06642633384576345,0.05718341354142758,0.06334153874823352,0.011700753789567407,0.017864261415952803,0.039842558192959635,0.06256825163185101,0.085044455855354,0.06003843308489776,86.56975282948338,93.19360274060057,56.079490137071566,0.04677629703508871,0.030499319802548188,0.03327384856122775,0.0002937206318792331,509.55408305606426
6.0,0.07271,1523.098673455018,1714.7798556728144,0.8884764300691995,1.4271448090775443,1.477942022443383,1.608839591101447,0.29651545694404413,0.0016093750000000001,0.444421875,1.3627226791263252,1.9804345792468248,1.4544969428919092,1714.4470859710366,1784.2212643121695,1352.748384539701,0.4690623308159107,0.29767260285825,0.7440593230008838,0.9964440820152336,3394.5090791524726,0.022862980995486986,100.37645595120745,41.49438417266453,0.058512555119072183,0.07683442629332618,0.06376335539805926,0.06763001002704314,0.010724337670129928,0.008808274141928996,0.03681188653457433,0.0639331737218793,0.09165689818450604,0.058731115382519995,103.6960104073879,113.22001880779256,57.05430088007997,0.012903549339710621,0.034217114966973446,0.0346714643476232,0.00032016720704618846,585.4059697472427
6.0,0.07141249999999999,1508.4254796072883,1717.5895653926314,0.8784246118049646,1.4157816714821152,1.4846735284593542,1.6133851924389944,0.2943178614783914,0.0010625,0.44009375000000006,1.367027966852156,1.9845071276415533,1.4527096338723453,1715.6546507286396,1783.6857474682736,1342.6057779177831,0.5007067613342958,0.2952277247137563,0.7403905975840545,0.9963352482481375,3266.522333861331,0.02270654847725649,83.07515176108602,42.26377994733819,0.047148794660701765,0.06661784737901649,0.05665668696350484,0.06007714439631873,0.009670382554083538,0.00714279575866481,0.0397196105335576,0.057163944267203934,0.08392320207479462,0.05546141093891478,87.46487634883795,95.51776021530101,52.40646755216285,0.03652315293569769,0.030550490809081052,0.0319576210671735,0.0003208465553773788,543.0009350042945
3.0,0.08109750000000002,1529.8501678981888,1703.8609555211901,0.8988792576678251,1.3387433924667034,1.3751489689384002,1.4932889270930536,0.2893102695359766,0.00096875,0.326609375,1.2622667435614086,1.8429304955787102,1.4617535408358628,1706.08062424539,1804.9266209739935,1388.8035730774975,0.5082979641816249,0.37884289974628843,0.7163087019864622,0.9945239957950978,2331.4371030412453,0.0526995065797584,188.31855749741356,97.83811484819235,0.10609859758668706,0.15037906756201636,0.08898225979197984,0.0966283950862241,0.013607745013418097,0.008433969168635846,0.06157318871359007,0.08915701883556433,0.11667473758444029,0.05483874270382516,190.67336352260753,222.04791554039764,116.19343246885798,0.03728208871751136,0.07608323883821978,0.05123936460893848,0.0006322753463434597,694.7371214822448
6.0,0.0704575,1486.155089482917,1722.7074388681358,0.8628721059709937,1.4034089600318833,1.4971599171129997,1.6274173036471036,0.29323445179191737,0.001421875,0.43946874999999996,1.3737617362088337,2.0093174090322385,1.4636109473931587,1721.707092811918,1788.8627439691575,1329.0549834994172,0.5445434255619515,0.2848249861124992,0.741356324583202,0.9965413905536097,3500.911943688656,0.021494724788887136,71.45978530205299,40.938895720576845,0.04028857775118871,0.06430969083123629,0.05357127858102577,0.05458880934867206,0.010073673478210046,0.008246078021361125,0.0371603235782131,0.0519738543203738,0.0782814625448263,0.05508110397376596,77.4548014741387,87.25287273309844,51.68522142580109,0.03936852437182057,0.02566714968215062,0.03130061952085143,0.0003699549499254829,806.371746424564
12.0,0.07581249999999999,1518.4673844778815,1712.374931866384,0.8869448441963931,1.4261406214544952,1.470820363359077,1.6096962819106373,0.30348646960563935,0.00415625,0.48934375,1.365916375043648,1.976386218258571,1.448345796056941,1712.467636511339,1776.8375042893229,1344.4164660589695,0.36738178915266645,0.31118689696165447,0.7413478065148493,0.9969541127445539,2456.910411418262,0.02319035022913624,81.91657114429482,40.47095830355018,0.04665969454747073,0.06336464892509075,0.056662743750383,0.060350270730766355,0.010587886072913617,0.01425599517527626,0.03880941765135751,0.05918380542290786,0.08718098574465714,0.06466956240688916,73.2206346668427,79.75521877227459,50.06591821247778,0.010515372076039564,0.031438314099868775,0.03261304652550085,0.00025731723622138573,433.8559862023403
2.0,0.11541,1593.8104206915013,1620.2132592692908,0.9818554399263821,1.098852717409721,1.0122004314173312,1.13187530312456,0.31529873024033284,0.00020312500000000002,0.18628124999999998,0.9636590305823357,1.3875858729104493,1.4454568396661314,1623.5283084988832,1852.5770153587812,1422.1958743108273,0.4382276891508717,0.8368058751422506,0.594169290999546,0.9966617545733356,849.7047058295605,0.1062328428500339,443.7830728188159,197.72593484478793,0.23167412158742645,0.2231687310268614,0.08797524599265212,0.10310050551323194,0.022074426157052556,0.00405741869719838,0.09695600947562508,0.10334107217346176,0.11156176319635551,0.07815551087688452,323.4744047297693,438.8849542580976,203.86997600035957,0.022201109461354562,0.26096205814293155,0.06637070992973543,0.00040797448175481727,567.7418849941498
6.0,0.07193,1512.2276973078979,1718.9637096299575,0.8798544179310744,1.4057980188904928,1.4680951906794224,1.5997429428680914,0.29560751370759225,0.0010781249999999999,0.443671875,1.3517602026365507,1.9724535675346266,1.460606108044681,1716.3149190025504,1784.2796374310262,1349.4813530522556,0.45830034437184186,0.3058743328761724,0.746708951296844,0.9960723399695048,3126.8497999417186,0.02357774586341958,89.83379118631527,43.09111203900835,0.04968737707226099,0.06897511644823343,0.06310338570091932,0.06544000374015047,0.011632459521455555,0.00822710779887896,0.038439961176286,0.06300350400023606,0.09457584467099057,0.06700542679343671,93.20616352584429,102.53547400472989,55.71457415729974,0.012838773108949595,0.03663673030927436,0.03527929864556873,0.00031878934894405495,738.5390147821591
3.0,0.0792975,1516.7805258029828,1708.053245343148,0.8889465028270952,1.3538286475687298,1.4047934799200055,1.5257083119589385,0.28759742492001095,0.00059375,0.3378125,1.2882872623857804,1.8836113124059357,1.4636800753856036,1705.9077874132502,1798.007974371636,1376.644390124785,0.5462063265182178,0.3553047036709217,0.7042809691831234,0.9946227756101823,2538.4927881653052,0.04758717257570573,159.21727600821626,87.93124516210325,0.09045669256463662,0.13636527401417103,0.08221789621276777,0.0905333470114566,0.012709812002932662,0.004532758369635426,0.05621092392720475,0.08391314653632752,0.11017052903514396,0.053688480883304295,176.45502499325985,203.30185222713413,105.54389375378832,0.03009298259477471,0.05763268649805233,0.04354561581775784,0.0005025309265778146,743.6968288700508
12.0,0.0753875,1528.6263937187096,1713.1105474952026,0.8925146168852705,1.419663001477734,1.4554966000331313,1.5930738714402104,0.3025622210196339,0.003984375,0.49079687499999997,1.3540513912678531,1.9522278304607006,1.4429129041062208,1714.9125730480152,1778.6159569162671,1356.5574326591634,0.3215381806997598,0.32053525491718515,0.7474066464328121,0.9970028412189359,2478.3242013291692,0.026766067020576614,94.34770183609994,43.995143612698406,0.05352373650737023,0.06817446757698513,0.05848487862377028,0.0670259308721692,0.010509947699465989,0.016394899347338947,0.040228470440527256,0.062257808777319755,0.09557684267092505,0.062018468384892396,84.90673598028698,92.24280490836394,54.68653459197791,0.04777404953543364,0.033202145324673804,0.034034934562190915,0.0002955008248833043,392.44263123869774
3.0,0.0832025,1548.6048953698344,1693.1646679735413,0.9159939362068751,1.3476608923643498,1.352621697168732,1.4761241017912499,0.2942141807544634,0.00153125,0.3269375,1.2517092235310958,1.8145930775048902,1.45132596984216,1693.457498401741,1797.8010035140626,1397.2756717252241,0.47987251438127926,0.3941476763688098,0.7236804484283568,0.9949862218978593,2340.263088343508,0.055571049061089346,199.9085579852719,104.2067623877086,0.11485050860769921,0.15819667502018203,0.0990971176579389,0.10664316500300698,0.014947503692872665,0.010716472061154269,0.06366842206895032,0.09628478294869233,0.13201212242988636,0.058218361570993665,202.3949920624105,237.0178362466301,123.20648437387098,0.03255908590500412,0.0851350450469143,0.05011674508349055,0.0005126760063439677,603.2635715779708
3.0,0.08788750000000001,1527.762227396005,1687.523985931792,0.9066082404694271,1.3431068889154725,1.3648587807999184,1.4862747485602708,0.29418807258115265,0.0018437500000000001,0.3261562499999999,1.2581543744657973,1.8306194700841991,1.457238956772475,1684.572254302814,1790.8437013336622,1378.9924733084745,0.5374252830345607,0.3819837021414142,0.7233904589469266,0.9945749187716134,2118.5584052905747,0.05933771855868744,214.68335740247142,111.52034901922481,0.12136406832376091,0.171258036936917,0.09708754045960115,0.10701218741805917,0.012717992785867301,0.008911402018621986,0.07173104469779804,0.09941738813320661,0.12668410754255005,0.05845401922553305,216.43201439575074,252.1383608249172,136.6958838384228,0.023529087181591805,0.08245745195733875,0.053018290516739786,0.00046075124710794524,687.0221086578274
12.0,0.07529749999999999,1505.3520479975755,1714.2057241201485,0.8782761310188465,1.419341729774477,1.4824844542899536,1.6185089739521998,0.30022147464774673,0.003890625,0.49075,1.37509297574778,1.9847543329664439,1.444691215220805,1713.1209150691761,1774.9700896195293,1334.7384906789912,0.4047451856331497,0.3034379709914312,0.7502925291541152,0.9970331518380146,2560.975009746205,0.0239076137192736,94.42925001019735,39.78763171953337,0.05300902562142665,0.06660231324141463,0.0627900755691139,0.06428900709427283,0.011884472746785474,0.015792840731146975,0.043731960566615345,0.062302558501627275,0.08613772131053425,0.058652037170110825,81.17669304235264,86.50517497122523,52.95701502982096,0.021987215692761637,0.036300910291734864,0.03569916484590049,0.0002525149046804763,496.2672746447284
12.0,0.07506499999999999,1546.4081394067587,1715.771877068462,0.9015343980104836,1.4157685283704324,1.439098291694081,1.572834095729172,0.30262226747299276,0.0042812499999999995,0.49201562499999996,1.3387064520611909,1.9252269189911153,1.4392400998236803,1717.1987624621781,1779.398806515627,1364.095446734869,0.28769248348667464,0.3384568192514863,0.7373887561127114,0.9970166625268075,2838.2202735826727,0.02575530576405567,94.06113936698733,42.78259809056522,0.05410506898593687,0.06666079870662542,0.06080049232995472,0.06506411158476509,0.01103804282538079,0.015984336815692418,0.04469754858612914,0.06006682608465008,0.09258401472677799,0.061788119273618464,90.99213762318887,98.60043256584856,56.18525862409117,0.01261450250322623,0.036420586314724716,0.0336175233343917,0.0002235780796171339,574.3611327590393
12.0,0.07436749999999999,1524.6529793796174,1714.7068878302368,0.8892569132082079,1.4214133353100307,1.4628373599812796,1.6008520550320517,0.3020252047997976,0.0037812500000000003,0.49171875,1.356864069981085,1.9683357136941446,1.4516672959368069,1711.7168926163622,1773.474085412371,1347.6593010014838,0.3530866613723744,0.3159970739080135,0.7541211895216677,0.9968307686889867,2550.4938549580147,0.023101892644326768,88.74026825339519,38.90258821748977,0.049389672876380866,0.05895101427926955,0.061051940358405936,0.06540775908867885,0.011315194221506938,0.015256882412127975,0.04079262293525019,0.05958086370708299,0.09434473993011118,0.06116574273082323,78.96459118095045,85.23196173323383,52.25627779803647,0.010448052620200923,0.034117624539172706,0.03160486852222169,0.0002586479425862354,517.9974120215069
2.0,0.11858750000000001,1588.6284746729339,1614.1192381786102,0.9818040732148696,1.0797525749641246,0.9956730302385287,1.1126806020070836,0.315643704247449,0.0,0.182265625,0.9448875789758067,1.367443214355039,1.4521010947689381,1612.605125555831,1850.4388491136995,1409.675769484785,0.47843610065864695,0.8666675086231809,0.5959589424089319,0.9963344594711172,768.9708269888442,0.11043890774428186,456.096304885151,204.1415679213239,0.23681344404431148,0.22878203045325277,0.09738722987114898,0.11320260760798459,0.02098062770925522,0.0,0.09928869950608366,0.10854345092490279,0.12661349454928073,0.07155780793947379,327.5662143825982,446.7069381253689,205.16286422012672,0.030418564987113015,0.2921081816645003,0.0689981902164275,0.00025271582774637875,543.0253937588144
6.0,0.07063499999999999,1502.9599238687265,1719.9720177304762,0.8740469651041594,1.416450670546389,1.4934854151989367,1.6223182940732948,0.29291833103524356,0.0011406250000000001,0.44606250000000003,1.3700476885535544,2.0025236462823055,1.4623775649199484,1717.1772163361102,1784.3980086417444,1345.1563334399946,0.49399980756134454,0.287651028740783,0.7564820466698037,0.9963692570123466,3414.896510159385,0.020425028151755363,84.92318429086161,36.62177255580785,0.04969739612380412,0.06973290668509229,0.05523531526855096,0.05934410644076894,0.010957078309370224,0.008289662590200824,0.03534600180713513,0.05367716155061731,0.08391592075595761,0.051480896161419785,86.9928674620723,92.9630182417623,48.42560481308101,0.013842353540231457,0.02602161546591317,0.04227466882434834,0.00014411325534384635,714.0672486375871
3.0,0.0815475,1528.0092585522218,1697.199850006316,0.9016502416291516,1.3406010824552883,1.3688464555102917,1.4910461132820303,0.29268920010321914,0.000765625,0.332578125,1.259177938492298,1.8407588661891296,1.4641278692064867,1697.5995181975698,1797.3402339609922,1382.4208787269756,0.5405979216825425,0.37378832237439596,0.74794587798348,0.9947748295429729,2595.680621209195,0.05225057649203499,180.96844761169783,97.54490688692515,0.10470546558100233,0.1466115266817554,0.08834568668691667,0.09724816859674532,0.013142827340838145,0.006427157195010481,0.06251947938630308,0.09264772494776415,0.11344096454694229,0.055927661256219265,191.1445041428179,221.14198066618582,115.36349422753597,0.035022947228307455,0.06665466226951718,0.05675054472166869,0.0005066794918507798,545.8311310309457
2.0,0.11957500000000001,1588.4157185492359,1613.4953800489584,0.9820606412129885,1.0751932883010344,0.9896356331287346,1.1069842353538606,0.3155306674453932,0.0,0.18014062500000003,0.9401598367667754,1.3608506944627998,1.452757546690088,1616.6090412144786,1850.2678091777052,1419.6600571534261,0.43881905248838665,0.8732256846974467,0.5832513346069134,0.9966854051608268,737.9199463638657,0.11096264855797197,456.8896641058829,205.81876748527262,0.23598894090158587,0.22656403704231834,0.08822706769428615,0.10360822803479044,0.02167244724989975,0.0,0.09724847238316588,0.10234615514824098,0.11290330595635373,0.07451302667197711,328.41186535469075,448.10168324436955,203.91569782434271,0.024855921255046567,0.2790510545841249,0.06915243410056587,0.00032476779931187835,542.4283858135416
12.0,0.07333499999999998,1522.2469189110643,1715.5740029342808,0.8874619794236043,1.4176213672863704,1.4626141879533145,1.5995498178418825,0.30297464737751556,0.002515625,0.494203125,1.356708255092243,1.9640191157348523,1.4486014333922994,1715.4194055396201,1778.2674178942802,1349.5536100104516,0.336874425496003,0.31849797350957887,0.7413968474573731,0.9968494556465407,2461.952324803257,0.021515756435691476,84.5658292619003,38.093447310670406,0.047971055560336706,0.06279529752521934,0.05903159482499146,0.06664289750706698,0.01116855667062592,0.010771950246328424,0.03955674511362601,0.060415794029408276,0.09412541310031251,0.05859235197644068,83.67202193531526,90.67473479745206,53.445621680831856,0.009791788473737146,0.032406268960427906,0.031228328804209192,0.00018611252093304965,433.5002006417436
12.0,0.0758325,1496.8735797675838,1715.9936284926644,0.8724863194667744,1.419706143585452,1.4918760908336333,1.62928199527799,0.30227179050714353,0.00459375,0.483671875,1.37963156973716,2.0052649791209602,1.4545908045491962,1715.4601778138438,1776.7412784033868,1326.1872444416472,0.4497781125770661,0.3015025108668019,0.7295718728072699,0.9970058607065587,2600.120141357558,0.024255297230708166,82.58378816981877,39.99915042373212,0.04715875657433119,0.06190311810381187,0.06259435050093883,0.06400558359798399,0.011663154293951542,0.014993195071014718,0.038952266336304164,0.061087897665149216,0.08650579758127419,0.054958103854316244,78.10168436693462,84.04855948289982,50.26491136826317,0.012863227633581427,0.02652365446751487,0.029436094451542334,0.0002141751556782723,405.44575113030277
3.0,0.07791000000000001,1519.2882562018851,1710.2877028963057,0.8892828976694099,1.340496176635395,1.3992574407942806,1.5106329252911825,0.28633515775181495,0.00021874999999999998,0.33360937500000004,1.2783884533817709,1.8608425120181462,1.4577427819655129,1711.253890592683,1802.2754120936768,1384.7743804062547,0.49390567151259235,0.3643400784319586,0.7029755120570633,0.9944856664401291,2753.262737164238,0.046443534533883175,162.83075736459918,86.42930413989882,0.09333467320063732,0.13326782966002262,0.08477440836017891,0.08737461330937343,0.01326809579627994,0.0025293202520637833,0.05411756363103734,0.08500931162530173,0.10329665993401312,0.05870117554038114,174.163816324858,199.38881086682161,105.29610209393927,0.038104273987521774,0.05955046000708054,0.04584534663800831,0.0006705106750661911,939.3962918922359
3.0,0.07828000000000002,1521.9658727508847,1707.2002201389812,0.8924724163895671,1.345784776544109,1.3936387289965415,1.5113292760844683,0.28955114005830107,0.000515625,0.334140625,1.2786441102431967,1.8627004648228984,1.4587624954161158,1706.7219141718745,1800.9646233295248,1384.486969404207,0.5099223456873437,0.36636981835857374,0.7099870237830566,0.9945637387369272,2430.1178563353246,0.04767941484540261,163.34405821774718,89.09569725137327,0.09308113103457138,0.13384503173321738,0.08488619674956459,0.09195052299528834,0.011629294790187176,0.005137537066472125,0.05817155183901642,0.08736025345401295,0.10845979134972403,0.05600264715673579,172.9364985309804,199.09919434240518,106.40946911179,0.047124406716030236,0.0626634871757582,0.042470818798738603,0.0005488413534235086,540.0129115147643
12.0,0.07420249999999999,1526.7420718067326,1715.304738463288,0.890235988034092,1.4148799972021535,1.452757948630409,1.592247381673901,0.30410946873165084,0.00440625,0.48876562500000004,1.3478630845476927,1.9595715586347802,1.4550251376854042,1716.656327935974,1779.6250026415662,1348.664017945005,0.3395830467315358,0.3207198297153813,0.7503527220260006,0.9969927702547074,2664.045011068934,0.02752655978777586,102.6549317844011,43.972633527664705,0.05783663315526421,0.0699766605803716,0.060107009314484434,0.06918924302899156,0.011964379854541912,0.01708546417097001,0.04255120708757127,0.06448849442175669,0.09603920606853965,0.060868140484927225,94.0374329560941,102.73238453230042,57.978632338001255,0.011467198922196742,0.03535565262663344,0.039552307702318074,0.00023826907047374608,570.1887030990491
12.0,0.074,1568.3603678000886,1713.0310499438804,0.9156204199292123,1.4245469607077694,1.4192011035109664,1.5581012672009802,0.30465980557071787,0.0031093749999999997,0.49479687499999997,1.3245564300884238,1.9098214352825322,1.4430225136760646,1709.1646564445912,1772.1463346035207,1377.9694123203901,0.2012297598479844,0.35419111597161756,0.7374558350734861,0.9968122638287555,2506.5540681718426,0.022823781457067958,98.42809271301587,40.23261590372072,0.054531633964024,0.06675922953884605,0.05622052921698425,0.06239343443412059,0.01084676998323727,0.013339019580140627,0.04161272517493147,0.058891573811055885,0.08774924431831536,0.06011066549457536,86.40444696147517,93.30747695307444,53.48798389970286,0.014740153648829227,0.03890241471750298,0.03219647634173172,0.0003377360098021727,666.0646193823927
2.0,0.11761250000000001,1596.5284956155147,1613.312481659443,0.9879165717324541,1.0843598952360138,0.9906754830448483,1.1103414587766505,0.3159913964250714,0.0,0.18171875,0.9456387420207487,1.3604275658741454,1.4448815369908703,1610.6969581878452,1843.9030159733347,1416.2829722064303,0.4861000753351117,0.8842723038337852,0.589869394237803,0.9964429134692339,801.9204239887549,0.10991268054119142,448.6882149726558,203.19689755733975,0.2349194263605696,0.2249739834421598,0.0894093295194843,0.10852279824656562,0.021901580335397065,0.0,0.09666092778852012,0.10803884813657622,0.11747630872625764,0.08187089617095185,329.48594255732104,446.17806370191795,204.80984472014694,0.028403439771554635,0.27088070268479325,0.07001276156787214,0.0002202996893058471,547.6644264407967
6.0,0.07175749999999999,1497.5576937611947,1721.2417184737476,0.8703195199100613,1.4137678232592215,1.494626596496602,1.6261008546624063,0.2921391715585964,0.00134375,0.44546875,1.375251765039647,2.004341570129624,1.458163390243767,1721.3740735042666,1789.044534045233,1341.1337470951516,0.5029721479932758,0.28805448960479174,0.7354403697528769,0.9965195870701112,3053.5309083570673,0.02298050682099938,77.77104025674906,41.84820710516693,0.04554756560159123,0.06639941203582017,0.05707595733046355,0.0637777752929009,0.010486612383734004,0.008713708219667445,0.03548732993530931,0.057331901328019234,0.08875261682470764,0.05099453243545141,83.24642319182173,91.51071973011436,51.39452794469522,0.02392662171064085,0.027206817750037717,0.032171424611239584,0.0002792807159416751,455.72809776946985
3.0,0.09116500000000002,1544.5163457392152,1682.6016888254119,0.9191422493122218,1.3334429585156147,1.3321290978127454,1.455998505952587,0.29640205052698343,0.00140625,0.320375,1.2330802174465516,1.7920123937169832,1.4554472369250977,1682.5821044851875,1791.9220612745232,1393.5699643816292,0.48025209175278294,0.41572693559808754,0.7098231250790712,0.9950948762037393,1883.0409723588166,0.06700196097876539,239.19451370728507,124.9256718024961,0.13204326137855438,0.18401067723150552,0.10246650871789578,0.11264229442500276,0.014299870918668078,0.009247835473098556,0.0753928254212561,0.10329740666965063,0.1363869949781785,0.0617335580726968,239.60855504129978,280.41933601711435,150.51501657757598,0.04189671765785826,0.09567740328293108,0.05370729158693804,0.00044203047702745367,584.4349496835083
2.0,0.117325,1588.388293533054,1613.1110671327883,0.9821288172353618,1.0969075604180036,1.0090135031064609,1.1284979526080838,0.3164112947326073,0.0,0.18912500000000002,0.9592814526949687,1.3854270924416636,1.4491789101382562,1610.8065667588692,1840.6094701933669,1413.9231879536453,0.4643521077900737,0.8473840502969812,0.5981327874709045,0.9965314415656489,833.6149061416078,0.10857713559953586,441.46763641880926,200.7067831920038,0.22741606309175824,0.2239114141281497,0.09238127640934062,0.10703675629336223,0.021491987832631145,0.0,0.09710203235514693,0.10444337084453897,0.11890167694861452,0.07366632838161807,322.4307174318126,439.2446014365514,206.08961693631275,0.025498270922670707,0.2744607692592096,0.0670798133391038,0.0002941307823701443,544.4509789477897
3.0,0.07600250000000001,1518.203134879544,1712.944047521699,0.887130380863701,1.345910123352799,1.4041551823852445,1.5197046936493295,0.28569193363539325,0.00015625,0.33548437500000006,1.2849375225215698,1.8747190410196686,1.460382145829263,1715.1356599780004,1806.7847600383466,1382.4562212443238,0.5098827241393248,0.35621400466843495,0.7055322803860961,0.9940767422222087,3083.660680812232,0.04348629087137691,143.53033147657052,81.46844374882441,0.08148926177817516,0.12105396879488298,0.07460333961855385,0.08487524337577788,0.011181548095395314,0.002533949178160446,0.053174055935290246,0.07884073528206811,0.10233346955546194,0.04944577228121866,161.8474793857487,186.64639767126323,97.54567760689928,0.03337022764358584,0.053247627479574566,0.03762808238685693,0.000728267304900042,847.5233715242862
2.0,0.11920750000000002,1590.5392166020602,1613.3518219445418,0.9834842001859064,1.0976357317310466,1.009130090363063,1.1284697621082893,0.31650789278844177,0.0,0.19075,0.9594382028759085,1.3847545008599138,1.4488601486945338,1611.9769656177914,1845.5623246608347,1412.622996593488,0.4455948768912764,0.8487877395175165,0.5944203255469053,0.9969084963459912,762.3349370306183,0.11072774920384681,454.3038864315986,204.72899308413568,0.2354803330333176,0.22861761425526547,0.0826754276407858,0.10139250216589124,0.022751177999704036,0.0,0.09885370345869698,0.10224268943100351,0.10998107184767841,0.07884379024457057,328.6871144261337,448.03081986578076,201.79788887038626,0.034171049443785774,0.26743705958775615,0.0663436363256105,0.00022195234719648836,550.80466998512
3.0,0.07652,1526.047959651956,1709.6981165981101,0.8934242053964616,1.350385432122839,1.3961967718745492,1.5144658547699386,0.2872576585352695,0.000390625,0.337265625,1.2803337211721146,1.867852813761329,1.4601781300189163,1709.840056148375,1802.3039118084746,1386.8232161616618,0.522264292793396,0.356856981269719,0.7302550133338657,0.9951475296500277,3444.9407914156823,0.0446732537431515,153.24968846795332,85.2208492879423,0.08686262585791155,0.12404989229035916,0.07983733970468206,0.08535881308336662,0.013647125165108397,0.0034152332803741247,0.055144020864545,0.0777309093898382,0.10812564478812475,0.05549854582833483,158.4815981370306,182.75636622936847,99.06100291205142,0.03288098063329195,0.060298385721637066,0.04367700498633611,0.0006308641142726567,1273.736099597162
12.0,0.07230749999999998,1540.1582463942104,1716.3949981212345,0.8975186417060503,1.4089608694486253,1.435045502100956,1.5712870652582682,0.30246548745066437,0.00134375,0.49756249999999996,1.334864598464291,1.9265942980818773,1.4440515028095369,1718.3067725894136,1780.7507126797507,1366.5641490378432,0.2439962735645582,0.3431777699322106,0.7338030201636682,0.9966398490905516,2334.677268651087,0.022419811412007887,80.1431066662633,41.246504559078176,0.045466612944898184,0.06439881138405561,0.05269223466478553,0.05785801826549089,0.010647396425269223,0.007378640520956418,0.04083976883810681,0.051919203441678274,0.08619276368237053,0.056639623125864125,79.99233764402464,88.95568339247025,57.58034932011475,0.015743099607622213,0.03172790165253056,0.03343656144936149,0.00026980427587152073,332.05421892232727
